Container Name,Type,Num CPUs,Total Requests,Successful Requests,Failed Requests,Execution Time (s),Requests/s,Total Energy (J),Avg Power (W),Samples,Avg CPU (%),Peak CPU (%),Total CPU (%*s),Avg Mem (MB),Peak Mem (MB),Total Mem (MB*s),HTTP Max Workers,HTTP Connection Mode,Host Energy (J),Host Avg Power (W),Sampling Step (ms),Window Coverage,CPU Temp Start (C),CPU Temp End (C),Throttled (ms),Waited Before Start (s),Waited Before Load (s),Ready Check,Warm-up (s),Idle Time (s),Idle Energy (J),Idle Avg Power (W),Idle Host Avg Power (W)
st-erlang-cowboy-28-4-3,static,8,20000,20000,0,24.685637950897217,810.1876905017593,56.0587234091555,2.2709043825670303,38,76.58,117.16,574.35,90.65666666666667,92.29,679.925,100,reuse,239.81941,9.714937,500,1.0,40.0,46.0,0,10.0,10.0,yes,0.0,0,,,
st-erlang-cowboy-28-4-3,static,8,80000,80000,0,98.30738711357117,813.7740443409276,211.25926517018743,2.1489663327754487,150,81.5708163265306,107.31,1998.485,91.33469387755102,93.12,2237.7,100,reuse,965.329815,9.819504,500,1.0,40.0,50.0,0,10.0,10.0,yes,0.0,0,,,
st-erlang-cowboy-28-4-3,static,8,20000,20000,0,24.55069088935852,814.6410253842993,45.99079807518443,1.873299545110525,38,64.90142857142857,89.41,454.31,91.69214285714285,92.49,641.845,100,reuse,235.472606,9.591282,500,1.0,40.0,45.0,0,10.0,10.0,yes,0.0,0,,,
st-erlang-cowboy-28-4-3,static,8,80000,80000,0,98.394526720047,813.0533543559463,245.91362254623007,2.4992611961629305,150,94.86408163265307,108.55,2324.17,89.5391836734694,91.62,2193.71,100,reuse,975.477861,9.913944,500,1.0,40.0,47.0,0,10.0,10.0,yes,0.0,0,,,
st-erlang-cowboy-28-4-3,static,8,20000,20000,0,24.562989473342896,814.2331381001119,50.72392185744756,2.065054903536719,38,72.37142857142857,100.24,506.59999999999997,90.48285714285714,91.23,633.38,100,reuse,237.376432,9.663988,500,1.0,40.0,46.0,0,10.0,10.0,yes,0.0,0,,,
st-erlang-cowboy-28-4-3,static,8,80000,80000,0,98.0671820640564,815.767296624725,203.10296892601173,2.071059498715351,149,79.96979591836735,89.58,1959.26,94.17428571428572,95.84,2307.27,100,reuse,957.671876,9.765467,500,1.0,39.0,47.0,0,10.0,10.0,yes,0.0,0,,,
st-erlang-cowboy-28-4-3,static,8,20000,20000,0,24.45299792289734,817.8956242118832,45.704808170189125,1.8690881303920606,37,62.37071428571428,88.21,436.59499999999997,95.28214285714286,96.68,666.975,100,reuse,235.042739,9.612021,500,1.0,40.0,45.0,0,10.0,10.0,yes,0.0,0,,,
st-erlang-cowboy-28-4-3,static,8,80000,80000,0,98.27855587005615,814.0127751345467,251.28728676894409,2.5568882707352354,149,98.35795918367347,109.83,2409.77,91.10632653061225,92.76,2232.105,100,reuse,973.445932,9.904968,500,1.0,39.0,48.0,0,10.0,10.0,yes,0.0,0,,,
st-erlang-cowboy-28-4-3,static,8,20000,20000,0,24.36206865310669,820.9483473994549,40.29900610211831,1.6541701230687287,37,56.847142857142856,94.04,397.93,92.985,94.17,650.895,100,reuse,233.303586,9.57651,500,1.0,39.0,46.0,0,10.0,10.0,yes,0.0,0,,,
st-erlang-cowboy-28-4-3,static,8,80000,80000,0,97.90959072113037,817.0803228854146,178.65135482597742,1.8246563335640802,149,70.9638775510204,99.83,1738.615,90.63938775510204,93.62,2220.665,100,reuse,952.139056,9.724676,500,1.0,38.0,46.0,0,10.0,10.0,yes,0.0,0,,,
