Container Name,Type,Total Requests,HTTP Max Workers,HTTP Connection Mode,Sampling Step (ms),Repeats,Num CPUs mean,Num CPUs sd,Num CPUs +/-95%,Num CPUs median,Num CPUs Q1,Num CPUs Q3,Num CPUs IQR,Num CPUs min,Num CPUs max,Num CPUs CV%,Successful Requests mean,Successful Requests sd,Successful Requests +/-95%,Successful Requests median,Successful Requests Q1,Successful Requests Q3,Successful Requests IQR,Successful Requests min,Successful Requests max,Successful Requests CV%,Failed Requests mean,Failed Requests sd,Failed Requests +/-95%,Failed Requests median,Failed Requests Q1,Failed Requests Q3,Failed Requests IQR,Failed Requests min,Failed Requests max,Failed Requests CV%,Execution Time (s) mean,Execution Time (s) sd,Execution Time (s) +/-95%,Execution Time (s) median,Execution Time (s) Q1,Execution Time (s) Q3,Execution Time (s) IQR,Execution Time (s) min,Execution Time (s) max,Execution Time (s) CV%,Requests/s mean,Requests/s sd,Requests/s +/-95%,Requests/s median,Requests/s Q1,Requests/s Q3,Requests/s IQR,Requests/s min,Requests/s max,Requests/s CV%,Total Energy (J) mean,Total Energy (J) sd,Total Energy (J) +/-95%,Total Energy (J) median,Total Energy (J) Q1,Total Energy (J) Q3,Total Energy (J) IQR,Total Energy (J) min,Total Energy (J) max,Total Energy (J) CV%,Avg Power (W) mean,Avg Power (W) sd,Avg Power (W) +/-95%,Avg Power (W) median,Avg Power (W) Q1,Avg Power (W) Q3,Avg Power (W) IQR,Avg Power (W) min,Avg Power (W) max,Avg Power (W) CV%,Samples mean,Samples sd,Samples +/-95%,Samples median,Samples Q1,Samples Q3,Samples IQR,Samples min,Samples max,Samples CV%,Avg CPU (%) mean,Avg CPU (%) sd,Avg CPU (%) +/-95%,Avg CPU (%) median,Avg CPU (%) Q1,Avg CPU (%) Q3,Avg CPU (%) IQR,Avg CPU (%) min,Avg CPU (%) max,Avg CPU (%) CV%,Peak CPU (%) mean,Peak CPU (%) sd,Peak CPU (%) +/-95%,Peak CPU (%) median,Peak CPU (%) Q1,Peak CPU (%) Q3,Peak CPU (%) IQR,Peak CPU (%) min,Peak CPU (%) max,Peak CPU (%) CV%,Total CPU (%*s) mean,Total CPU (%*s) sd,Total CPU (%*s) +/-95%,Total CPU (%*s) median,Total CPU (%*s) Q1,Total CPU (%*s) Q3,Total CPU (%*s) IQR,Total CPU (%*s) min,Total CPU (%*s) max,Total CPU (%*s) CV%,Avg Mem (MB) mean,Avg Mem (MB) sd,Avg Mem (MB) +/-95%,Avg Mem (MB) median,Avg Mem (MB) Q1,Avg Mem (MB) Q3,Avg Mem (MB) IQR,Avg Mem (MB) min,Avg Mem (MB) max,Avg Mem (MB) CV%,Peak Mem (MB) mean,Peak Mem (MB) sd,Peak Mem (MB) +/-95%,Peak Mem (MB) median,Peak Mem (MB) Q1,Peak Mem (MB) Q3,Peak Mem (MB) IQR,Peak Mem (MB) min,Peak Mem (MB) max,Peak Mem (MB) CV%,Total Mem (MB*s) mean,Total Mem (MB*s) sd,Total Mem (MB*s) +/-95%,Total Mem (MB*s) median,Total Mem (MB*s) Q1,Total Mem (MB*s) Q3,Total Mem (MB*s) IQR,Total Mem (MB*s) min,Total Mem (MB*s) max,Total Mem (MB*s) CV%,Host Energy (J) mean,Host Energy (J) sd,Host Energy (J) +/-95%,Host Energy (J) median,Host Energy (J) Q1,Host Energy (J) Q3,Host Energy (J) IQR,Host Energy (J) min,Host Energy (J) max,Host Energy (J) CV%,Host Avg Power (W) mean,Host Avg Power (W) sd,Host Avg Power (W) +/-95%,Host Avg Power (W) median,Host Avg Power (W) Q1,Host Avg Power (W) Q3,Host Avg Power (W) IQR,Host Avg Power (W) min,Host Avg Power (W) max,Host Avg Power (W) CV%,Window Coverage mean,Window Coverage sd,Window Coverage +/-95%,Window Coverage median,Window Coverage Q1,Window Coverage Q3,Window Coverage IQR,Window Coverage min,Window Coverage max,Window Coverage CV%,CPU Temp Start (C) mean,CPU Temp Start (C) sd,CPU Temp Start (C) +/-95%,CPU Temp Start (C) median,CPU Temp Start (C) Q1,CPU Temp Start (C) Q3,CPU Temp Start (C) IQR,CPU Temp Start (C) min,CPU Temp Start (C) max,CPU Temp Start (C) CV%,CPU Temp End (C) mean,CPU Temp End (C) sd,CPU Temp End (C) +/-95%,CPU Temp End (C) median,CPU Temp End (C) Q1,CPU Temp End (C) Q3,CPU Temp End (C) IQR,CPU Temp End (C) min,CPU Temp End (C) max,CPU Temp End (C) CV%,Throttled (ms) mean,Throttled (ms) sd,Throttled (ms) +/-95%,Throttled (ms) median,Throttled (ms) Q1,Throttled (ms) Q3,Throttled (ms) IQR,Throttled (ms) min,Throttled (ms) max,Throttled (ms) CV%,Waited Before Start (s) mean,Waited Before Start (s) sd,Waited Before Start (s) +/-95%,Waited Before Start (s) median,Waited Before Start (s) Q1,Waited Before Start (s) Q3,Waited Before Start (s) IQR,Waited Before Start (s) min,Waited Before Start (s) max,Waited Before Start (s) CV%,Waited Before Load (s) mean,Waited Before Load (s) sd,Waited Before Load (s) +/-95%,Waited Before Load (s) median,Waited Before Load (s) Q1,Waited Before Load (s) Q3,Waited Before Load (s) IQR,Waited Before Load (s) min,Waited Before Load (s) max,Waited Before Load (s) CV%,Warm-up (s) mean,Warm-up (s) sd,Warm-up (s) +/-95%,Warm-up (s) median,Warm-up (s) Q1,Warm-up (s) Q3,Warm-up (s) IQR,Warm-up (s) min,Warm-up (s) max,Warm-up (s) CV%,Idle Time (s) mean,Idle Time (s) sd,Idle Time (s) +/-95%,Idle Time (s) median,Idle Time (s) Q1,Idle Time (s) Q3,Idle Time (s) IQR,Idle Time (s) min,Idle Time (s) max,Idle Time (s) CV%,Idle Energy (J) mean,Idle Energy (J) sd,Idle Energy (J) +/-95%,Idle Energy (J) median,Idle Energy (J) Q1,Idle Energy (J) Q3,Idle Energy (J) IQR,Idle Energy (J) min,Idle Energy (J) max,Idle Energy (J) CV%,Idle Avg Power (W) mean,Idle Avg Power (W) sd,Idle Avg Power (W) +/-95%,Idle Avg Power (W) median,Idle Avg Power (W) Q1,Idle Avg Power (W) Q3,Idle Avg Power (W) IQR,Idle Avg Power (W) min,Idle Avg Power (W) max,Idle Avg Power (W) CV%,Idle Host Avg Power (W) mean,Idle Host Avg Power (W) sd,Idle Host Avg Power (W) +/-95%,Idle Host Avg Power (W) median,Idle Host Avg Power (W) Q1,Idle Host Avg Power (W) Q3,Idle Host Avg Power (W) IQR,Idle Host Avg Power (W) min,Idle Host Avg Power (W) max,Idle Host Avg Power (W) CV%,"Total Energy (J) mean, IQR-filtered","Total Energy (J) +/-95%, IQR-filtered","Total Energy (J) runs dropped, IQR rule","Total Energy (J) mean, Hampel-filtered","Total Energy (J) +/-95%, Hampel-filtered","Total Energy (J) runs dropped, Hampel rule"
st-elixir-cowboy-1-19-5,static,1000,100,reuse,500,5,8.0,0.0,0.0,8.0,8.0,8.0,0.0,8.0,8.0,0.0,1000.0,0.0,0.0,1000.0,1000.0,1000.0,0.0,1000.0,1000.0,0.0,0.0,0.0,0.0,0.0,0.0,0.0,0.0,0.0,0.0,,1.3033,0.0134,0.0166,1.2979,1.2968,1.2983,0.0015,1.2964,1.3272,1.0262,767.3387,7.7688,9.6461,770.4542,770.236,771.1493,0.9133,753.4675,771.3864,1.0124,1.2832,0.2442,0.3032,1.3654,1.2008,1.4151,0.2143,0.9019,1.5327,19.0313,0.9838,0.1817,0.2256,1.0529,0.9263,1.0899,0.1637,0.6949,1.1548,18.4702,2.0,0.0,0.0,2.0,2.0,2.0,0.0,2.0,2.0,0.0,6.0727,1.5229,1.8909,6.56,4.95,6.8833,1.9333,4.1,7.87,25.0779,16.298,4.5771,5.6831,17.73,13.05,19.0,5.95,10.22,21.49,28.0839,9.109,2.2843,2.8363,9.84,7.425,10.325,2.9,6.15,11.805,25.0779,74.3707,1.9515,2.4231,75.4667,72.8133,75.8167,3.0033,71.7533,76.0033,2.624,74.766,1.9493,2.4204,75.94,73.25,76.09,2.84,72.12,76.43,2.6073,111.556,2.9273,3.6346,113.2,109.22,113.725,4.505,107.63,114.005,2.624,11.0523,0.5265,0.6538,10.8132,10.6966,11.216,0.5194,10.6333,11.9025,4.764,8.4804,0.4029,0.5002,8.3412,8.2412,8.4509,0.2097,8.1902,9.1786,4.7507,1.0,0.0,0.0,1.0,1.0,1.0,0.0,1.0,1.0,0.0,38.0,0.7071,0.878,38.0,38.0,38.0,0.0,37.0,39.0,1.8608,40.2,1.0954,1.3602,40.0,40.0,40.0,0.0,39.0,42.0,2.725,0.0,0.0,0.0,0.0,0.0,0.0,0.0,0.0,0.0,,10.0,0.0,0.0,10.0,10.0,10.0,0.0,10.0,10.0,0.0,10.0,0.0,0.0,10.0,10.0,10.0,0.0,10.0,10.0,0.0,0.0,0.0,0.0,0.0,0.0,0.0,0.0,0.0,0.0,,30.0002,0.0004,0.0006,30.0,30.0,30.0,0.0,30.0,30.001,0.0015,0.0401,0.008,0.0099,0.0363,0.0339,0.0469,0.013,0.0329,0.0503,19.8824,0.0013,0.0003,0.0003,0.0012,0.0011,0.0016,0.0004,0.0011,0.0017,19.8818,2.7322,0.0211,0.0262,2.7279,2.7168,2.7377,0.0209,2.7129,2.7657,0.7721,1.2832,0.3032,0,1.2832,0.3032,0
st-elixir-cowboy-1-19-5,static,20000,100,reuse,500,5,8.0,0.0,0.0,8.0,8.0,8.0,0.0,8.0,8.0,0.0,20000.0,0.0,0.0,20000.0,20000.0,20000.0,0.0,20000.0,20000.0,0.0,0.0,0.0,0.0,0.0,0.0,0.0,0.0,0.0,0.0,,24.7697,0.1659,0.206,24.7762,24.6631,24.9195,0.2564,24.5511,24.9386,0.6699,807.4673,5.4163,6.7251,807.2253,802.5856,810.9289,8.3433,801.9701,814.6265,0.6708,40.2789,22.4348,27.8561,49.5949,17.2046,52.2967,35.0921,16.1678,66.1305,55.6987,1.6216,0.8965,1.1131,2.0017,0.6976,2.0986,1.401,0.6585,2.6517,55.2807,37.8,0.4472,0.5553,38.0,38.0,38.0,0.0,37.0,38.0,1.1831,52.1788,28.0474,34.8249,63.068,24.2207,68.79,44.5693,21.02,83.7953,53.7526,79.262,38.8247,48.2064,90.78,56.51,91.39,34.88,27.67,129.96,48.9827,388.919,213.4212,264.9931,473.01,169.545,515.925,346.38,157.65,628.465,54.8755,76.9848,1.2702,1.5771,77.1233,76.8593,77.5587,0.6993,74.9713,78.4114,1.6499,78.204,1.6145,2.0046,78.15,78.15,78.8,0.65,75.73,80.19,2.0644,569.545,13.7269,17.044,576.445,562.285,578.425,16.14,548.88,581.69,2.4102,245.459,6.2027,7.7015,247.5768,239.09,248.5771,9.4872,239.0083,253.0426,2.527,9.9088,0.1929,0.2395,9.9351,9.7351,10.0329,0.2978,9.6942,10.1466,1.9468,1.0,0.0,0.0,1.0,1.0,1.0,0.0,1.0,1.0,0.0,36.8,0.8367,1.0388,37.0,36.0,37.0,1.0,36.0,38.0,2.2735,42.6,0.8944,1.1106,42.0,42.0,43.0,1.0,42.0,44.0,2.0996,0.0,0.0,0.0,0.0,0.0,0.0,0.0,0.0,0.0,,10.0,0.0,0.0,10.0,10.0,10.0,0.0,10.0,10.0,0.0,10.0,0.0,0.0,10.0,10.0,10.0,0.0,10.0,10.0,0.0,0.0,0.0,0.0,0.0,0.0,0.0,0.0,0.0,0.0,,30.0004,0.0005,0.0007,30.0,30.0,30.001,0.001,30.0,30.001,0.0018,0.0379,0.0169,0.021,0.0328,0.0233,0.0481,0.0248,0.0232,0.0622,44.6799,0.0013,0.0006,0.0007,0.0011,0.0008,0.0016,0.0008,0.0008,0.0021,44.6755,2.7719,0.067,0.0832,2.7663,2.7356,2.7711,0.0354,2.7046,2.8819,2.4183,40.2789,27.8561,0,40.2789,27.8561,0
st-elixir-cowboy-1-19-5,static,80000,100,reuse,500,5,8.0,0.0,0.0,8.0,8.0,8.0,0.0,8.0,8.0,0.0,80000.0,0.0,0.0,80000.0,80000.0,80000.0,0.0,80000.0,80000.0,0.0,0.0,0.0,0.0,0.0,0.0,0.0,0.0,0.0,0.0,,99.2688,0.6952,0.8632,99.3196,99.0555,99.4693,0.4139,98.2895,100.2101,0.7004,805.9242,5.648,7.0128,805.4802,804.2681,807.6284,3.3604,798.3224,813.9221,0.7008,211.2165,89.8995,111.6231,222.1621,221.9853,244.1523,22.167,62.4133,305.3693,42.5627,2.1229,0.8952,1.1115,2.241,2.2368,2.4545,0.2177,0.635,3.0473,42.1663,150.4,0.5477,0.6801,150.0,150.0,151.0,1.0,150.0,151.0,0.3642,78.4328,32.3805,40.2051,83.7469,82.5647,90.5745,8.0098,24.2324,111.0453,41.2844,92.176,33.3895,41.4579,92.62,92.07,112.23,20.16,38.11,125.85,36.2237,1924.026,788.2548,978.7318,2051.8,2022.835,2219.075,196.24,605.81,2720.61,40.969,77.1337,2.6501,3.2905,77.2549,75.3784,78.0784,2.7,74.024,80.9329,3.4357,78.842,2.6978,3.3497,79.03,76.92,79.96,3.04,75.69,82.61,3.4218,1897.178,55.4943,68.9042,1892.745,1850.6,1912.92,62.32,1846.77,1982.855,2.9251,1008.8348,27.7359,34.4381,1014.6015,1011.0052,1016.2475,5.2423,963.3023,1039.0174,2.7493,10.1615,0.2127,0.2641,10.2155,10.2065,10.2167,0.0102,9.8007,10.3684,2.0933,1.0,0.0,0.0,1.0,1.0,1.0,0.0,1.0,1.0,0.0,36.8,0.4472,0.5553,37.0,37.0,37.0,0.0,36.0,37.0,1.2153,46.2,1.0954,1.3602,47.0,45.0,47.0,2.0,45.0,47.0,2.3711,0.0,0.0,0.0,0.0,0.0,0.0,0.0,0.0,0.0,,10.0,0.0,0.0,10.0,10.0,10.0,0.0,10.0,10.0,0.0,10.0,0.0,0.0,10.0,10.0,10.0,0.0,10.0,10.0,0.0,0.0,0.0,0.0,0.0,0.0,0.0,0.0,0.0,0.0,,30.0002,0.0004,0.0006,30.0,30.0,30.0,0.0,30.0,30.001,0.0015,0.0486,0.0084,0.0104,0.0446,0.0431,0.0523,0.0092,0.0414,0.0616,17.2243,0.0016,0.0003,0.0003,0.0015,0.0014,0.0017,0.0003,0.0014,0.0021,17.2219,2.8047,0.0666,0.0826,2.7954,2.7815,2.8071,0.0256,2.7285,2.9109,2.3729,229.4332,31.6666,2,248.4172,62.6436,1
st-elixir-index-1-19-5,static,1000,100,reuse,500,5,8.0,0.0,0.0,8.0,8.0,8.0,0.0,8.0,8.0,0.0,1000.0,0.0,0.0,1000.0,1000.0,1000.0,0.0,1000.0,1000.0,0.0,0.0,0.0,0.0,0.0,0.0,0.0,0.0,0.0,0.0,,1.3252,0.0213,0.0265,1.3244,1.3154,1.3396,0.0241,1.2958,1.3508,1.6097,754.763,12.186,15.1307,755.0684,746.5077,760.2075,13.6998,740.3159,771.7155,1.6145,4.5237,0.7058,0.8763,4.5817,3.8122,5.1099,1.2977,3.8035,5.3115,15.6018,3.4081,0.484,0.601,3.4595,2.9352,3.7829,0.8477,2.8981,3.9651,14.202,2.0,0.0,0.0,2.0,2.0,2.0,0.0,2.0,2.0,0.0,21.442,3.357,4.1682,21.62,20.9533,23.8167,2.8633,16.1067,24.7133,15.656,61.192,10.5774,13.1334,62.16,60.44,68.95,8.51,43.9,70.51,17.2856,32.163,5.0355,6.2522,32.43,31.43,35.725,4.295,24.16,37.07,15.656,70.1793,1.9101,2.3716,69.1633,68.6467,72.2233,3.5767,68.5733,72.29,2.7217,70.788,2.0449,2.5391,69.58,69.36,72.97,3.61,68.97,73.06,2.8888,105.269,2.8651,3.5574,103.745,102.97,108.335,5.365,102.86,108.435,2.7217,11.7426,0.4075,0.506,11.6243,11.5589,11.9139,0.3551,11.2702,12.3459,3.4705,8.8606,0.2527,0.3137,8.8369,8.8201,8.9201,0.1001,8.5097,9.2163,2.8517,1.0,0.0,0.0,1.0,1.0,1.0,0.0,1.0,1.0,0.0,37.2,0.8367,1.0388,37.0,37.0,38.0,1.0,36.0,38.0,2.2491,39.8,1.3038,1.6189,40.0,39.0,41.0,2.0,38.0,41.0,3.276,0.0,0.0,0.0,0.0,0.0,0.0,0.0,0.0,0.0,,10.0,0.0,0.0,10.0,10.0,10.0,0.0,10.0,10.0,0.0,10.0,0.0,0.0,10.0,10.0,10.0,0.0,10.0,10.0,0.0,0.0,0.0,0.0,0.0,0.0,0.0,0.0,0.0,0.0,,30.0004,0.0005,0.0007,30.0,30.0,30.001,0.001,30.0,30.001,0.0018,0.0022,0.0021,0.0026,0.0035,0.0,0.0035,0.0035,0.0,0.0042,91.9766,0.0001,0.0001,0.0001,0.0001,0.0,0.0001,0.0001,0.0,0.0001,92.0,2.688,0.0279,0.0347,2.6823,2.6759,2.7011,0.0252,2.6534,2.7276,1.0384,4.5237,0.8763,0,4.5237,0.8763,0
st-elixir-index-1-19-5,static,20000,100,reuse,500,5,8.0,0.0,0.0,8.0,8.0,8.0,0.0,8.0,8.0,0.0,20000.0,0.0,0.0,20000.0,20000.0,20000.0,0.0,20000.0,20000.0,0.0,0.0,0.0,0.0,0.0,0.0,0.0,0.0,0.0,0.0,,25.1896,0.1024,0.1271,25.1714,25.1649,25.2275,0.0626,25.0516,25.3327,0.4063,793.9886,3.2253,4.0047,794.554,792.7863,794.7578,1.9715,789.4927,798.3521,0.4062,118.8878,10.4637,12.9922,118.0889,116.9244,118.7238,1.7994,105.7024,134.9994,8.8014,4.7185,0.3964,0.4922,4.681,4.6451,4.7178,0.0727,4.2194,5.3291,8.402,38.0,0.0,0.0,38.0,38.0,38.0,0.0,38.0,38.0,0.0,144.416,14.0271,17.4166,144.58,139.4347,144.9813,5.5467,127.1407,165.9436,9.713,229.924,37.145,46.1208,231.85,231.64,249.9,18.26,168.95,267.28,16.1553,1066.526,75.8047,94.1225,1084.35,1045.76,1087.36,41.6,953.555,1161.605,7.1076,70.217,1.9707,2.4469,69.4473,69.3487,71.4993,2.1507,67.8967,72.8929,2.8066,71.126,1.9868,2.4669,70.54,70.23,72.48,2.25,68.66,73.72,2.7934,519.338,10.8814,13.5108,520.115,510.25,520.855,10.605,509.225,536.245,2.0952,264.2045,2.1382,2.6549,263.0648,262.5653,265.7195,3.1542,262.4693,267.2037,0.8093,10.4886,0.0654,0.0812,10.481,10.451,10.5478,0.0968,10.4041,10.5591,0.6232,1.0,0.0,0.0,1.0,1.0,1.0,0.0,1.0,1.0,0.0,36.2,0.8367,1.0388,36.0,36.0,37.0,1.0,35.0,37.0,2.3112,42.4,1.1402,1.4157,42.0,42.0,43.0,1.0,41.0,44.0,2.6891,0.0,0.0,0.0,0.0,0.0,0.0,0.0,0.0,0.0,,10.0,0.0,0.0,10.0,10.0,10.0,0.0,10.0,10.0,0.0,10.0,0.0,0.0,10.0,10.0,10.0,0.0,10.0,10.0,0.0,0.0,0.0,0.0,0.0,0.0,0.0,0.0,0.0,0.0,,30.0002,0.0004,0.0006,30.0,30.0,30.0,0.0,30.0,30.001,0.0015,0.0067,0.0022,0.0028,0.0068,0.0068,0.0069,0.0001,0.0033,0.0096,33.1779,0.0002,0.0001,0.0001,0.0002,0.0002,0.0002,0.0,0.0001,0.0003,33.3245,2.7087,0.0209,0.026,2.7085,2.6923,2.7139,0.0216,2.6881,2.7407,0.7718,117.9123,2.2671,2,117.9123,2.2671,2
st-elixir-index-1-19-5,static,80000,100,reuse,500,5,8.0,0.0,0.0,8.0,8.0,8.0,0.0,8.0,8.0,0.0,80000.0,0.0,0.0,80000.0,80000.0,80000.0,0.0,80000.0,80000.0,0.0,0.0,0.0,0.0,0.0,0.0,0.0,0.0,0.0,0.0,,100.2693,0.9115,1.1318,100.1118,99.8603,100.4039,0.5436,99.2565,101.7142,0.9091,797.9035,7.2132,8.9562,799.1062,796.782,801.1191,4.3372,786.5175,805.9926,0.904,460.0719,56.1537,69.7228,434.1493,429.3214,449.1897,19.8684,428.2941,559.4052,12.2054,4.585,0.517,0.642,4.374,4.2889,4.4738,0.1849,4.2884,5.4998,11.2767,151.4,1.1402,1.4157,151.0,151.0,152.0,1.0,150.0,153.0,0.7531,163.174,16.9125,20.9993,156.0346,153.2168,161.0554,7.8386,152.7202,192.8429,10.3647,205.216,36.8973,45.8133,192.7,175.45,228.76,53.31,171.73,257.44,17.9797,4117.918,507.6672,630.3418,3900.865,3830.42,4026.385,195.965,3818.005,5013.915,12.3282,71.1825,2.3675,2.9396,70.9008,70.5968,71.9215,1.3247,67.9724,74.5212,3.326,72.0,2.4004,2.9804,72.57,71.41,72.67,1.26,68.38,74.97,3.3339,1793.948,72.1254,89.554,1772.52,1764.92,1863.03,98.11,1699.31,1869.96,4.0205,1060.1577,17.9062,22.2331,1051.2193,1049.874,1058.7749,8.9009,1049.4519,1091.4682,1.689,10.5726,0.0948,0.1177,10.5452,10.5269,10.5774,0.0505,10.4828,10.7307,0.8965,1.0,0.0,0.0,1.0,1.0,1.0,0.0,1.0,1.0,0.0,36.2,1.3038,1.6189,36.0,35.0,37.0,2.0,35.0,38.0,3.6018,46.2,1.0954,1.3602,46.0,46.0,46.0,0.0,45.0,48.0,2.3711,0.0,0.0,0.0,0.0,0.0,0.0,0.0,0.0,0.0,,10.0,0.0,0.0,10.0,10.0,10.0,0.0,10.0,10.0,0.0,10.0,0.0,0.0,10.0,10.0,10.0,0.0,10.0,10.0,0.0,0.0,0.0,0.0,0.0,0.0,0.0,0.0,0.0,0.0,,30.0002,0.0004,0.0006,30.0,30.0,30.0,0.0,30.0,30.001,0.0015,0.0042,0.003,0.0037,0.0035,0.0033,0.007,0.0037,0.0,0.0072,71.3368,0.0001,0.0001,0.0001,0.0001,0.0001,0.0002,0.0001,0.0,0.0002,71.4839,2.7448,0.0693,0.0861,2.7513,2.6946,2.7545,0.0599,2.6724,2.8512,2.5259,435.2386,15.3466,1,435.2386,15.3466,1
st-elixir-phoenix-1-8-5,static,1000,100,reuse,500,5,8.0,0.0,0.0,8.0,8.0,8.0,0.0,8.0,8.0,0.0,1000.0,0.0,0.0,1000.0,1000.0,1000.0,0.0,1000.0,1000.0,0.0,0.0,0.0,0.0,0.0,0.0,0.0,0.0,0.0,0.0,,1.3024,0.0074,0.0091,1.3003,1.2992,1.3064,0.0071,1.2934,1.3127,0.5652,767.8392,4.3342,5.3815,769.0773,765.4911,769.6886,4.1975,761.795,773.1442,0.5645,1.5226,0.2927,0.3635,1.6079,1.5788,1.7015,0.1227,1.0095,1.7152,19.2257,1.1683,0.2205,0.2737,1.2376,1.2142,1.3025,0.0883,0.7805,1.3066,18.8708,2.0,0.0,0.0,2.0,2.0,2.0,0.0,2.0,2.0,0.0,7.0393,1.991,2.4721,7.85,7.1333,8.0333,0.9,3.6,8.58,28.2843,19.266,6.0639,7.5292,21.61,19.67,22.26,2.59,8.78,24.01,31.4746,10.559,2.9865,3.7082,11.775,10.7,12.05,1.35,5.4,12.87,28.2843,73.4773,1.4756,1.8322,73.07,72.15,74.76,2.61,72.1167,75.29,2.0083,73.888,1.4309,1.7767,73.34,72.73,75.23,2.5,72.54,75.6,1.9366,110.216,2.2135,2.7483,109.605,108.225,112.14,3.915,108.175,112.935,2.0083,10.809,0.1473,0.1829,10.8491,10.7683,10.8977,0.1293,10.5756,10.9545,1.3629,8.2992,0.0775,0.0963,8.3049,8.2883,8.3451,0.0569,8.1764,8.3811,0.9343,1.0,0.0,0.0,1.0,1.0,1.0,0.0,1.0,1.0,0.0,37.6,1.1402,1.4157,38.0,37.0,38.0,1.0,36.0,39.0,3.0324,39.6,1.1402,1.4157,40.0,39.0,40.0,1.0,38.0,41.0,2.8792,0.0,0.0,0.0,0.0,0.0,0.0,0.0,0.0,0.0,,10.0,0.0,0.0,10.0,10.0,10.0,0.0,10.0,10.0,0.0,10.0,0.0,0.0,10.0,10.0,10.0,0.0,10.0,10.0,0.0,0.0,0.0,0.0,0.0,0.0,0.0,0.0,0.0,0.0,,30.0008,0.0004,0.0006,30.001,30.001,30.001,0.0,30.0,30.001,0.0015,0.0409,0.0041,0.0051,0.0409,0.0372,0.0448,0.0075,0.0365,0.0453,10.0214,0.0014,0.0001,0.0002,0.0014,0.0012,0.0015,0.0003,0.0012,0.0015,10.0231,2.7613,0.0533,0.0662,2.7488,2.7176,2.8025,0.0849,2.7077,2.8301,1.9299,1.6508,0.1077,1,1.6508,0.1077,1
st-elixir-phoenix-1-8-5,static,20000,100,reuse,500,5,8.0,0.0,0.0,8.0,8.0,8.0,0.0,8.0,8.0,0.0,20000.0,0.0,0.0,20000.0,20000.0,20000.0,0.0,20000.0,20000.0,0.0,0.0,0.0,0.0,0.0,0.0,0.0,0.0,0.0,0.0,,24.9011,0.107,0.1328,24.8883,24.8702,24.9813,0.1111,24.7457,25.0198,0.4296,803.1908,3.4553,4.2902,803.5905,800.5996,804.1764,3.5768,799.3676,808.2201,0.4302,47.6856,21.8759,27.162,52.2718,33.8142,65.5772,31.7629,17.4631,69.3018,45.8752,1.9121,0.872,1.0827,2.1003,1.3596,2.621,1.2614,0.7057,2.7742,45.6044,38.0,0.0,0.0,38.0,38.0,38.0,0.0,38.0,38.0,0.0,61.0608,26.8759,33.3703,68.138,45.1407,80.83,35.6893,22.9236,88.272,44.0149,96.544,31.3065,38.8716,93.14,77.28,122.03,44.75,57.16,133.11,32.4272,455.664,205.6591,255.3553,511.035,338.555,606.225,267.67,160.465,662.04,45.1339,75.1328,0.8726,1.0834,75.0987,74.3414,75.6267,1.2852,74.2693,76.328,1.1614,76.256,1.1182,1.3884,76.21,75.32,76.7,1.38,75.15,77.9,1.4664,556.062,20.7237,25.7314,563.24,557.02,567.2,10.18,520.39,572.46,3.7269,248.4822,5.0042,6.2134,248.2082,244.2367,253.3398,9.1031,242.9087,253.7174,2.0139,9.9783,0.1613,0.2003,9.9729,9.8205,10.1407,0.3202,9.8162,10.1412,1.6169,1.0,0.0,0.0,1.0,1.0,1.0,0.0,1.0,1.0,0.0,36.4,0.8944,1.1106,37.0,36.0,37.0,1.0,35.0,37.0,2.4572,42.2,0.8367,1.0388,42.0,42.0,43.0,1.0,41.0,43.0,1.9826,0.0,0.0,0.0,0.0,0.0,0.0,0.0,0.0,0.0,,10.0,0.0,0.0,10.0,10.0,10.0,0.0,10.0,10.0,0.0,10.0,0.0,0.0,10.0,10.0,10.0,0.0,10.0,10.0,0.0,0.0,0.0,0.0,0.0,0.0,0.0,0.0,0.0,0.0,,30.0002,0.0004,0.0006,30.0,30.0,30.0,0.0,30.0,30.001,0.0015,0.0403,0.0074,0.0092,0.0439,0.0348,0.0439,0.0092,0.0304,0.0484,18.3986,0.0013,0.0002,0.0003,0.0015,0.0012,0.0015,0.0003,0.001,0.0016,18.41,2.7257,0.018,0.0224,2.7357,2.7215,2.7363,0.0148,2.6959,2.7392,0.6612,47.6856,27.162,0,47.6856,27.162,0
st-elixir-phoenix-1-8-5,static,80000,100,reuse,500,5,8.0,0.0,0.0,8.0,8.0,8.0,0.0,8.0,8.0,0.0,80000.0,0.0,0.0,80000.0,80000.0,80000.0,0.0,80000.0,80000.0,0.0,0.0,0.0,0.0,0.0,0.0,0.0,0.0,0.0,0.0,,99.0759,0.272,0.3378,99.0946,98.9913,99.2474,0.2561,98.667,99.3791,0.2746,807.4668,2.2199,2.7563,807.3093,806.0664,808.1522,2.0858,804.9981,810.8078,0.2749,195.8173,37.0518,46.0052,216.1856,184.7361,219.7865,35.0504,135.4502,222.9278,18.9216,1.9757,0.3699,0.4593,2.1754,1.8662,2.2145,0.3483,1.3728,2.2496,18.7246,151.0,0.0,0.0,151.0,151.0,151.0,0.0,151.0,151.0,0.0,73.2716,13.7435,17.0645,80.3994,68.8182,82.7508,13.9327,51.0518,83.3376,18.7569,92.236,0.7173,0.8906,92.27,91.93,92.88,0.95,91.19,92.91,0.7776,1803.487,344.7652,428.0756,1969.785,1686.045,2027.395,341.35,1250.77,2083.44,19.1166,78.7006,2.3411,2.9068,79.7676,76.2522,80.3159,4.0637,76.1186,81.0488,2.9747,80.468,2.3409,2.9065,81.59,78.0,81.97,3.97,77.91,82.87,2.9091,1935.777,48.7409,60.5189,1954.305,1902.965,1967.74,64.775,1868.18,1985.695,2.5179,1003.56,9.9533,12.3584,1009.1132,998.3308,1010.2322,11.9015,988.4624,1011.6613,0.9918,10.1291,0.0766,0.0951,10.1654,10.085,10.1677,0.0826,10.0182,10.209,0.7559,1.0,0.0,0.0,1.0,1.0,1.0,0.0,1.0,1.0,0.0,36.4,0.8944,1.1106,37.0,36.0,37.0,1.0,35.0,37.0,2.4572,46.0,1.5811,1.9632,46.0,45.0,47.0,2.0,44.0,48.0,3.4373,0.0,0.0,0.0,0.0,0.0,0.0,0.0,0.0,0.0,,10.0,0.0,0.0,10.0,10.0,10.0,0.0,10.0,10.0,0.0,10.0,0.0,0.0,10.0,10.0,10.0,0.0,10.0,10.0,0.0,0.0,0.0,0.0,0.0,0.0,0.0,0.0,0.0,0.0,,30.0002,0.0004,0.0006,30.0,30.0,30.0,0.0,30.0,30.001,0.0015,0.0317,0.0098,0.0122,0.0364,0.0276,0.0377,0.0101,0.0164,0.0404,30.9036,0.0011,0.0003,0.0004,0.0012,0.0009,0.0013,0.0003,0.0005,0.0013,30.9042,2.7538,0.0699,0.0868,2.7349,2.707,2.7926,0.0856,2.6802,2.8542,2.5387,195.8173,46.0052,0,219.6333,8.3809,2
st-elixir-pure-1-19-5,static,1000,100,reuse,500,5,8.0,0.0,0.0,8.0,8.0,8.0,0.0,8.0,8.0,0.0,1000.0,0.0,0.0,1000.0,1000.0,1000.0,0.0,1000.0,1000.0,0.0,0.0,0.0,0.0,0.0,0.0,0.0,0.0,0.0,0.0,,1.2709,0.014,0.0174,1.2743,1.2732,1.2792,0.0061,1.2466,1.2813,1.1018,786.921,8.7823,10.9045,784.7514,781.7228,785.4514,3.7286,780.4868,802.1927,1.116,1.5271,0.2195,0.2726,1.5954,1.5438,1.6561,0.1123,1.1478,1.6926,14.3765,1.2003,0.1624,0.2016,1.2452,1.2115,1.3008,0.0893,0.9208,1.3232,13.5274,2.0,0.0,0.0,2.0,2.0,2.0,0.0,2.0,2.0,0.0,7.798,1.462,1.8152,8.23,7.8067,8.57,0.7633,5.3167,9.0667,18.7478,21.812,4.5399,5.6369,23.1,21.86,24.3,2.44,14.1,25.7,20.8138,11.697,2.1929,2.7228,12.345,11.71,12.855,1.145,7.975,13.6,18.7478,68.288,1.5943,1.9796,68.7467,67.36,69.1,1.74,66.07,70.1633,2.3347,68.988,1.7047,2.1167,69.02,67.66,69.77,2.11,67.11,71.38,2.4711,102.432,2.3915,2.9693,103.12,101.04,103.65,2.61,99.105,105.245,2.3347,10.4184,0.2037,0.2529,10.3876,10.2525,10.5267,0.2742,10.2158,10.7094,1.9548,8.1994,0.2332,0.2895,8.1074,8.0528,8.229,0.1761,8.0169,8.591,2.8437,1.0,0.0,0.0,1.0,1.0,1.0,0.0,1.0,1.0,0.0,37.4,0.5477,0.6801,37.0,37.0,38.0,1.0,37.0,38.0,1.4645,40.4,0.8944,1.1106,41.0,40.0,41.0,1.0,39.0,41.0,2.2139,0.0,0.0,0.0,0.0,0.0,0.0,0.0,0.0,0.0,,10.0,0.0,0.0,10.0,10.0,10.0,0.0,10.0,10.0,0.0,10.0,0.0,0.0,10.0,10.0,10.0,0.0,10.0,10.0,0.0,0.0,0.0,0.0,0.0,0.0,0.0,0.0,0.0,0.0,,30.0006,0.0005,0.0007,30.001,30.0,30.001,0.001,30.0,30.001,0.0018,0.0053,0.0045,0.0056,0.0033,0.0033,0.0035,0.0002,0.0032,0.0134,84.4443,0.0002,0.0001,0.0002,0.0001,0.0001,0.0001,0.0,0.0001,0.0004,84.353,2.7795,0.2209,0.2743,2.6719,2.6705,2.7116,0.041,2.67,3.1734,7.948,1.622,0.1046,1,1.622,0.1046,1
st-elixir-pure-1-19-5,static,20000,100,reuse,500,5,8.0,0.0,0.0,8.0,8.0,8.0,0.0,8.0,8.0,0.0,20000.0,0.0,0.0,20000.0,20000.0,20000.0,0.0,20000.0,20000.0,0.0,0.0,0.0,0.0,0.0,0.0,0.0,0.0,0.0,0.0,,24.3957,0.0483,0.06,24.384,24.3573,24.4453,0.088,24.3446,24.4473,0.1982,819.8194,1.6241,2.0165,820.2103,818.1547,821.1102,2.9556,818.0847,821.5371,0.1981,48.656,1.825,2.266,48.0361,47.8138,50.3983,2.5845,46.3764,50.6554,3.7509,1.9945,0.0775,0.0963,1.965,1.963,2.0669,0.1038,1.897,2.0808,3.8871,37.4,0.5477,0.6801,37.0,37.0,38.0,1.0,37.0,38.0,1.4645,64.3545,2.8075,3.4859,63.7707,63.3673,66.6347,3.2673,60.4813,67.5187,4.3625,90.14,3.3916,4.2112,91.28,87.3,92.58,5.28,85.87,93.67,3.7626,476.282,26.7676,33.2358,475.255,453.61,499.76,46.15,446.395,506.39,5.6201,72.8033,1.5339,1.9046,72.864,72.7967,73.286,0.4893,70.41,74.66,2.107,74.114,1.646,2.0438,74.14,73.67,75.27,1.6,71.62,75.87,2.2209,538.559,12.2944,15.2652,545.975,528.075,546.48,18.405,522.62,549.645,2.2828,241.6682,0.8989,1.1161,241.6259,241.2493,242.4583,1.209,240.4137,242.5939,0.372,9.9062,0.0449,0.0557,9.8844,9.8703,9.9433,0.073,9.8681,9.965,0.4529,1.0,0.0,0.0,1.0,1.0,1.0,0.0,1.0,1.0,0.0,36.0,0.7071,0.878,36.0,36.0,36.0,0.0,35.0,37.0,1.9642,42.8,1.3038,1.6189,42.0,42.0,43.0,1.0,42.0,45.0,3.0464,0.0,0.0,0.0,0.0,0.0,0.0,0.0,0.0,0.0,,10.0,0.0,0.0,10.0,10.0,10.0,0.0,10.0,10.0,0.0,10.0,0.0,0.0,10.0,10.0,10.0,0.0,10.0,10.0,0.0,0.0,0.0,0.0,0.0,0.0,0.0,0.0,0.0,0.0,,30.0002,0.0004,0.0006,30.0,30.0,30.0,0.0,30.0,30.001,0.0015,0.0041,0.0028,0.0035,0.0038,0.0031,0.0064,0.0033,0.0,0.0071,69.3746,0.0001,0.0001,0.0001,0.0001,0.0001,0.0002,0.0001,0.0,0.0002,69.3702,2.7428,0.053,0.0658,2.7358,2.7035,2.7631,0.0596,2.6892,2.8226,1.933,48.656,2.266,0,48.656,2.266,0
st-elixir-pure-1-19-5,static,80000,100,reuse,500,5,8.0,0.0,0.0,8.0,8.0,8.0,0.0,8.0,8.0,0.0,80000.0,0.0,0.0,80000.0,80000.0,80000.0,0.0,80000.0,80000.0,0.0,0.0,0.0,0.0,0.0,0.0,0.0,0.0,0.0,0.0,,97.2556,0.4414,0.548,97.0966,97.0849,97.7042,0.6193,96.6879,97.7043,0.4538,822.5887,3.7338,4.636,823.9219,818.7983,824.0215,5.2231,818.7972,827.4045,0.4539,165.285,51.3969,63.8167,192.658,162.0851,192.8213,30.7362,77.3341,201.5263,31.0959,1.6985,0.5265,0.6537,1.9719,1.6589,1.9859,0.3269,0.7998,2.0758,30.9988,148.8,0.8367,1.0388,149.0,148.0,149.0,1.0,148.0,150.0,0.5623,64.5983,19.0813,23.6922,75.2916,62.871,75.4225,12.5515,32.0529,77.3533,29.5384,87.048,3.1387,3.8971,85.96,85.63,86.07,0.44,84.97,92.61,3.6057,1557.888,463.5018,575.5041,1810.14,1508.905,1844.645,335.74,769.27,1856.48,29.7519,72.0679,0.5031,0.6247,72.084,72.0296,72.1187,0.0892,71.3438,72.7635,0.6981,73.308,0.2118,0.263,73.38,73.32,73.38,0.06,72.95,73.51,0.289,1736.906,26.7245,33.1823,1730.015,1728.71,1730.85,2.14,1712.25,1782.705,1.5386,966.9626,16.0115,19.8805,971.5918,970.1725,975.9667,5.7942,938.9092,978.1727,1.6559,9.9422,0.1378,0.1711,9.989,9.9442,9.9918,0.0476,9.7107,10.0754,1.3864,1.0,0.0,0.0,1.0,1.0,1.0,0.0,1.0,1.0,0.0,36.8,0.8367,1.0388,37.0,36.0,37.0,1.0,36.0,38.0,2.2735,45.4,0.8944,1.1106,46.0,45.0,46.0,1.0,44.0,46.0,1.9701,0.0,0.0,0.0,0.0,0.0,0.0,0.0,0.0,0.0,,10.0,0.0,0.0,10.0,10.0,10.0,0.0,10.0,10.0,0.0,10.0,0.0,0.0,10.0,10.0,10.0,0.0,10.0,10.0,0.0,0.0,0.0,0.0,0.0,0.0,0.0,0.0,0.0,0.0,,30.0006,0.0005,0.0007,30.001,30.0,30.001,0.001,30.0,30.001,0.0018,0.004,0.0015,0.0019,0.0033,0.0032,0.0037,0.0005,0.0032,0.0067,37.6409,0.0001,0.0001,0.0001,0.0001,0.0001,0.0001,0.0,0.0001,0.0002,37.8067,2.7506,0.026,0.0323,2.7572,2.7362,2.769,0.0328,2.7133,2.7774,0.9449,187.2727,27.5201,1,187.2727,27.5201,1
st-erlang-cowboy-28-4-3,static,1000,100,reuse,500,5,8.0,0.0,0.0,8.0,8.0,8.0,0.0,8.0,8.0,0.0,1000.0,0.0,0.0,1000.0,1000.0,1000.0,0.0,1000.0,1000.0,0.0,0.0,0.0,0.0,0.0,0.0,0.0,0.0,0.0,0.0,,1.2978,0.0183,0.0227,1.2859,1.284,1.3176,0.0337,1.2836,1.318,1.4071,770.6422,10.7891,13.3962,777.6664,758.9338,778.8397,19.9058,758.7411,779.0302,1.4,1.7554,0.2648,0.3288,1.9102,1.5715,1.9413,0.3698,1.3804,1.9736,15.0863,1.3513,0.1934,0.2402,1.4497,1.2221,1.4974,0.2753,1.0754,1.512,14.3142,2.0,0.0,0.0,2.0,2.0,2.0,0.0,2.0,2.0,0.0,8.8267,0.9561,1.1872,8.77,8.2967,9.55,1.2533,7.5667,9.95,10.8324,24.66,2.9247,3.6314,24.47,22.96,26.87,3.91,20.87,28.13,11.86,13.24,1.4342,1.7808,13.155,12.445,14.325,1.88,11.35,14.925,10.8324,88.0453,1.9532,2.4251,87.2867,86.6067,88.9,2.2933,86.3733,91.06,2.2184,88.632,1.99,2.4709,88.1,87.14,89.39,2.25,86.82,91.71,2.2453,132.068,2.9298,3.6377,130.93,129.91,133.35,3.44,129.56,136.59,2.2184,11.199,0.4101,0.5092,11.2088,11.1827,11.2983,0.1156,10.5789,11.7262,3.6618,8.6301,0.3299,0.4096,8.5725,8.4869,8.7167,0.2298,8.2413,9.1328,3.8221,1.0,0.0,0.0,1.0,1.0,1.0,0.0,1.0,1.0,0.0,37.2,0.8367,1.0388,37.0,37.0,38.0,1.0,36.0,38.0,2.2491,40.2,1.0954,1.3602,40.0,40.0,40.0,0.0,39.0,42.0,2.725,0.0,0.0,0.0,0.0,0.0,0.0,0.0,0.0,0.0,,10.0,0.0,0.0,10.0,10.0,10.0,0.0,10.0,10.0,0.0,10.0,0.0,0.0,10.0,10.0,10.0,0.0,10.0,10.0,0.0,0.0,0.0,0.0,0.0,0.0,0.0,0.0,0.0,0.0,,30.0006,0.0005,0.0007,30.001,30.0,30.001,0.001,30.0,30.001,0.0018,0.0257,0.0059,0.0074,0.0278,0.0233,0.0281,0.0049,0.0167,0.0323,23.0765,0.0009,0.0002,0.0002,0.0009,0.0008,0.0009,0.0002,0.0006,0.0011,23.071,2.7817,0.0337,0.0419,2.7743,2.7591,2.802,0.0429,2.7446,2.8286,1.213,1.7554,0.3288,0,1.9417,0.0788,2
st-erlang-cowboy-28-4-3,static,20000,100,reuse,500,5,8.0,0.0,0.0,8.0,8.0,8.0,0.0,8.0,8.0,0.0,20000.0,0.0,0.0,20000.0,20000.0,20000.0,0.0,20000.0,20000.0,0.0,0.0,0.0,0.0,0.0,0.0,0.0,0.0,0.0,0.0,,24.5897,0.1288,0.1599,24.6073,24.4686,24.6527,0.1841,24.4573,24.7625,0.5237,813.3668,4.2561,5.2845,812.7655,811.2703,817.3742,6.1039,807.6731,817.7511,0.5233,52.1004,12.0317,14.9391,54.3297,50.7356,57.6785,6.9429,32.7492,65.0089,23.0933,2.1171,0.4804,0.5965,2.2079,2.0735,2.3396,0.2661,1.339,2.6253,22.694,37.2,0.4472,0.5553,37.0,37.0,37.0,0.0,37.0,38.0,1.2022,68.2949,15.8937,19.7344,70.015,67.9871,75.5493,7.5622,42.5464,85.3764,23.2722,99.682,17.4182,21.6273,105.75,101.27,106.44,5.17,69.84,115.11,17.4738,485.619,116.7152,144.9187,490.105,475.91,566.62,90.71,297.825,597.635,24.0343,91.9328,3.2095,3.9851,90.9314,89.9527,92.3136,2.3609,89.1864,97.28,3.4911,93.536,3.4289,4.2575,92.7,90.94,94.3,3.36,90.66,99.08,3.6658,652.525,24.4461,30.3533,646.195,636.52,674.645,38.125,624.305,680.96,3.7464,246.7654,4.4029,5.4669,247.8708,243.6557,248.3105,4.6548,241.3312,252.6588,1.7843,10.0348,0.1283,0.1593,10.0545,9.9579,10.0909,0.133,9.8674,10.2033,1.2786,1.0,0.0,0.0,1.0,1.0,1.0,0.0,1.0,1.0,0.0,36.6,0.5477,0.6801,37.0,36.0,37.0,1.0,36.0,37.0,1.4965,42.4,1.1402,1.4157,42.0,42.0,43.0,1.0,41.0,44.0,2.6891,0.0,0.0,0.0,0.0,0.0,0.0,0.0,0.0,0.0,,10.0,0.0,0.0,10.0,10.0,10.0,0.0,10.0,10.0,0.0,10.0,0.0,0.0,10.0,10.0,10.0,0.0,10.0,10.0,0.0,0.0,0.0,0.0,0.0,0.0,0.0,0.0,0.0,0.0,,30.0006,0.0005,0.0007,30.001,30.0,30.001,0.001,30.0,30.001,0.0018,0.0224,0.0093,0.0115,0.0245,0.0232,0.0263,0.0031,0.0067,0.0312,41.4225,0.0007,0.0003,0.0004,0.0008,0.0008,0.0009,0.0001,0.0002,0.001,41.4452,2.7377,0.0384,0.0477,2.7474,2.7324,2.7529,0.0206,2.6763,2.7798,1.4027,56.9382,9.6772,1,56.9382,9.6772,1
st-erlang-cowboy-28-4-3,static,80000,100,reuse,500,5,8.0,0.0,0.0,8.0,8.0,8.0,0.0,8.0,8.0,0.0,80000.0,0.0,0.0,80000.0,80000.0,80000.0,0.0,80000.0,80000.0,0.0,0.0,0.0,0.0,0.0,0.0,0.0,0.0,0.0,0.0,,98.0786,0.3229,0.4009,98.225,97.9945,98.2911,0.2966,97.5503,98.3321,0.3292,815.6796,2.6932,3.3439,814.4567,813.909,816.3726,2.4637,813.5698,820.0898,0.3302,211.5861,43.299,53.7619,212.212,185.9386,251.7337,65.7951,153.4523,254.5937,20.464,2.1567,0.4386,0.5446,2.1605,1.8909,2.5611,0.6702,1.5731,2.598,20.3382,149.2,0.4472,0.5553,149.0,149.0,149.0,0.0,149.0,150.0,0.2997,80.7162,14.9211,18.5267,80.6794,71.4452,94.9996,23.5544,61.079,95.378,18.4859,97.76,11.833,14.6924,99.76,92.41,107.72,15.31,80.2,108.71,12.1041,1992.76,360.5556,447.6817,2016.985,1786.13,2327.49,541.36,1496.435,2336.76,18.0933,92.9291,1.7033,2.1148,93.2166,91.7076,93.3206,1.6131,90.9949,95.406,1.8329,95.104,1.6973,2.1074,95.18,95.07,95.26,0.19,92.61,97.4,1.7846,2295.626,63.4045,78.7258,2286.355,2246.835,2330.415,83.58,2229.375,2385.15,2.762,992.8521,12.0866,15.0073,994.2547,991.0007,1001.35,10.3493,973.4272,1004.2281,1.2174,10.1229,0.1032,0.1281,10.1222,10.0781,10.1876,0.1095,9.9787,10.2478,1.0192,1.0,0.0,0.0,1.0,1.0,1.0,0.0,1.0,1.0,0.0,36.6,0.5477,0.6801,37.0,36.0,37.0,1.0,36.0,37.0,1.4965,45.6,0.5477,0.6801,46.0,45.0,46.0,1.0,45.0,46.0,1.2011,0.0,0.0,0.0,0.0,0.0,0.0,0.0,0.0,0.0,,10.0,0.0,0.0,10.0,10.0,10.0,0.0,10.0,10.0,0.0,10.0,0.0,0.0,10.0,10.0,10.0,0.0,10.0,10.0,0.0,0.0,0.0,0.0,0.0,0.0,0.0,0.0,0.0,0.0,,30.0006,0.0005,0.0007,30.001,30.0,30.001,0.001,30.0,30.001,0.0018,0.0246,0.0045,0.0056,0.0267,0.0249,0.0272,0.0023,0.0168,0.0274,18.1891,0.0008,0.0001,0.0002,0.0009,0.0008,0.0009,0.0001,0.0006,0.0009,18.164,2.7369,0.0147,0.0182,2.7409,2.735,2.7422,0.0071,2.7134,2.753,0.5357,211.5861,53.7619,0,211.5861,53.7619,0
st-erlang-index-28-4-3,static,1000,100,reuse,500,5,8.0,0.0,0.0,8.0,8.0,8.0,0.0,8.0,8.0,0.0,1000.0,0.0,0.0,1000.0,1000.0,1000.0,0.0,1000.0,1000.0,0.0,0.0,0.0,0.0,0.0,0.0,0.0,0.0,0.0,0.0,,1.3176,0.0139,0.0172,1.3166,1.3069,1.3208,0.0139,1.3045,1.3394,1.0533,758.9984,7.9419,9.8611,759.5042,757.1307,765.1697,8.0391,746.6213,766.5664,1.0464,4.445,0.825,1.0244,4.1198,3.9327,5.0289,1.0962,3.5763,5.567,18.5612,3.3692,0.5934,0.7368,3.1192,3.0092,3.8195,0.8103,2.7414,4.1565,17.6138,2.0,0.0,0.0,2.0,2.0,2.0,0.0,2.0,2.0,0.0,21.794,3.8619,4.7952,20.7167,20.43,23.46,3.03,17.0067,27.3567,17.7202,61.514,11.3252,14.0619,58.52,57.72,66.17,8.45,47.32,77.84,18.4108,32.691,5.7929,7.1927,31.075,30.645,35.19,4.545,25.51,41.035,17.7202,49.1467,0.513,0.637,49.3767,48.89,49.54,0.65,48.3667,49.56,1.0438,49.608,0.6502,0.8073,49.68,49.28,50.11,0.83,48.68,50.29,1.3107,73.72,0.7695,0.9555,74.065,73.335,74.31,0.975,72.55,74.34,1.0438,11.4923,0.424,0.5265,11.5095,11.2408,11.6229,0.3821,10.9814,12.1068,3.6897,8.72,0.2339,0.2904,8.7142,8.6011,8.8276,0.2265,8.418,9.0392,2.6824,1.0,0.0,0.0,1.0,1.0,1.0,0.0,1.0,1.0,0.0,37.2,1.3038,1.6189,37.0,36.0,38.0,2.0,36.0,39.0,3.5049,40.0,1.4142,1.7559,41.0,39.0,41.0,2.0,38.0,41.0,3.5355,0.0,0.0,0.0,0.0,0.0,0.0,0.0,0.0,0.0,,10.0,0.0,0.0,10.0,10.0,10.0,0.0,10.0,10.0,0.0,10.0,0.0,0.0,10.0,10.0,10.0,0.0,10.0,10.0,0.0,0.0,0.0,0.0,0.0,0.0,0.0,0.0,0.0,0.0,,30.0004,0.0005,0.0007,30.0,30.0,30.001,0.001,30.0,30.001,0.0018,0.0046,0.0018,0.0022,0.0034,0.0033,0.0065,0.0032,0.0032,0.0066,38.5474,0.0002,0.0001,0.0001,0.0001,0.0001,0.0002,0.0001,0.0001,0.0002,38.5261,2.7419,0.0432,0.0536,2.7503,2.7198,2.7564,0.0366,2.6837,2.7994,1.5754,4.445,1.0244,0,4.445,1.0244,0
st-erlang-index-28-4-3,static,20000,100,reuse,500,5,8.0,0.0,0.0,8.0,8.0,8.0,0.0,8.0,8.0,0.0,20000.0,0.0,0.0,20000.0,20000.0,20000.0,0.0,20000.0,20000.0,0.0,0.0,0.0,0.0,0.0,0.0,0.0,0.0,0.0,0.0,,25.0907,0.0504,0.0626,25.0962,25.042,25.1232,0.0812,25.0385,25.1538,0.2009,797.1099,1.6014,1.9883,796.9336,796.0774,798.6582,2.5808,795.1091,798.7712,0.2009,117.0292,7.5771,9.4081,117.4839,112.6571,122.1416,9.4844,106.8536,126.0097,6.4746,4.6641,0.2989,0.3712,4.6921,4.4987,4.8669,0.3682,4.2532,5.0096,6.4095,38.0,0.0,0.0,38.0,38.0,38.0,0.0,38.0,38.0,0.0,143.1555,10.0739,12.5083,142.27,141.23,151.132,9.902,127.8353,153.31,7.0371,215.484,32.4726,40.3194,207.53,207.33,243.48,36.15,169.33,249.75,15.0696,1058.335,62.966,78.1813,1067.025,1059.225,1073.17,13.945,958.765,1133.49,5.9495,50.8931,0.8908,1.1061,51.256,50.3433,51.5657,1.2224,49.6087,51.692,1.7504,51.656,0.9349,1.1608,52.04,51.04,52.29,1.25,50.34,52.57,1.8098,376.542,10.6095,13.1733,377.575,372.065,384.42,12.355,360.96,387.69,2.8176,262.4747,1.7316,2.15,262.3437,262.0612,262.4581,0.397,260.3418,265.1684,0.6597,10.461,0.052,0.0646,10.4535,10.4468,10.4649,0.018,10.3977,10.5419,0.4973,1.0,0.0,0.0,1.0,1.0,1.0,0.0,1.0,1.0,0.0,36.4,1.1402,1.4157,36.0,36.0,37.0,1.0,35.0,38.0,3.1324,42.4,0.8944,1.1106,43.0,42.0,43.0,1.0,41.0,43.0,2.1095,0.0,0.0,0.0,0.0,0.0,0.0,0.0,0.0,0.0,,10.0,0.0,0.0,10.0,10.0,10.0,0.0,10.0,10.0,0.0,10.0,0.0,0.0,10.0,10.0,10.0,0.0,10.0,10.0,0.0,0.0,0.0,0.0,0.0,0.0,0.0,0.0,0.0,0.0,,30.0004,0.0005,0.0007,30.0,30.0,30.001,0.001,30.0,30.001,0.0018,0.0038,0.0042,0.0052,0.0032,0.0,0.0064,0.0064,0.0,0.0096,108.3897,0.0001,0.0001,0.0002,0.0001,0.0,0.0002,0.0002,0.0,0.0003,108.3554,2.7034,0.0879,0.1092,2.6632,2.6585,2.6841,0.0256,2.6521,2.8593,3.2525,117.0292,9.4081,0,117.0292,9.4081,0
st-erlang-index-28-4-3,static,80000,100,reuse,500,5,8.0,0.0,0.0,8.0,8.0,8.0,0.0,8.0,8.0,0.0,80000.0,0.0,0.0,80000.0,80000.0,80000.0,0.0,80000.0,80000.0,0.0,0.0,0.0,0.0,0.0,0.0,0.0,0.0,0.0,0.0,,99.7752,0.0632,0.0785,99.7735,99.7315,99.8144,0.0829,99.6991,99.8573,0.0633,801.8031,0.5079,0.6306,801.8165,801.4874,802.1537,0.6663,801.1433,802.4144,0.0633,437.5726,8.8767,11.0216,442.396,431.0813,444.1321,13.0508,425.2581,444.9958,2.0286,4.3856,0.0881,0.1094,4.4322,4.3206,4.4477,0.1271,4.264,4.4634,2.0099,151.0,0.0,0.0,151.0,151.0,151.0,0.0,151.0,151.0,0.0,157.2532,3.165,3.9298,157.7938,154.6424,158.571,3.9286,153.696,161.5626,2.0127,201.394,20.7547,25.77,201.42,195.57,213.58,18.01,170.63,225.77,10.3055,3931.329,79.1258,98.2461,3944.845,3866.06,3964.275,98.215,3842.4,4039.065,2.0127,51.6224,0.4908,0.6094,51.3772,51.3266,51.8812,0.5546,51.1682,52.359,0.9507,52.248,0.497,0.617,52.02,51.94,52.4,0.46,51.83,53.05,0.9512,1290.561,12.2696,15.2345,1284.43,1283.165,1297.03,13.865,1279.205,1308.975,0.9507,1049.9626,3.7262,4.6266,1048.1104,1047.8806,1051.592,3.7114,1046.5075,1055.7228,0.3549,10.5233,0.0378,0.0469,10.5093,10.4938,10.5477,0.0539,10.4888,10.5769,0.3592,1.0,0.0,0.0,1.0,1.0,1.0,0.0,1.0,1.0,0.0,36.2,1.0954,1.3602,37.0,35.0,37.0,2.0,35.0,37.0,3.0261,45.6,0.5477,0.6801,46.0,45.0,46.0,1.0,45.0,46.0,1.2011,0.0,0.0,0.0,0.0,0.0,0.0,0.0,0.0,0.0,,10.0,0.0,0.0,10.0,10.0,10.0,0.0,10.0,10.0,0.0,10.0,0.0,0.0,10.0,10.0,10.0,0.0,10.0,10.0,0.0,0.0,0.0,0.0,0.0,0.0,0.0,0.0,0.0,0.0,,30.0006,0.0005,0.0007,30.001,30.0,30.001,0.001,30.0,30.001,0.0018,0.0045,0.0026,0.0032,0.0034,0.0033,0.0035,0.0002,0.0031,0.0092,57.702,0.0002,0.0001,0.0001,0.0001,0.0001,0.0001,0.0,0.0001,0.0003,57.5461,2.7258,0.0713,0.0886,2.7133,2.6673,2.7801,0.1128,2.6516,2.817,2.6171,437.5726,11.0216,0,440.6513,10.2966,1
st-erlang-pure-28-4-3,static,1000,100,reuse,500,5,8.0,0.0,0.0,8.0,8.0,8.0,0.0,8.0,8.0,0.0,1000.0,0.0,0.0,1000.0,1000.0,1000.0,0.0,1000.0,1000.0,0.0,0.0,0.0,0.0,0.0,0.0,0.0,0.0,0.0,0.0,,1.2741,0.0093,0.0115,1.2728,1.2718,1.2765,0.0047,1.262,1.2877,0.7275,784.8797,5.7014,7.0791,785.6751,783.4177,786.3173,2.8996,776.5918,792.3963,0.7264,1.6511,0.0655,0.0813,1.6656,1.6436,1.6765,0.0329,1.5461,1.7234,3.9666,1.296,0.0549,0.0682,1.3172,1.2764,1.3198,0.0434,1.2113,1.3551,4.2398,2.0,0.0,0.0,2.0,2.0,2.0,0.0,2.0,2.0,0.0,7.4507,0.652,0.8096,7.6167,7.2633,7.6467,0.3833,6.4733,8.2533,8.7512,20.672,1.9476,2.4182,21.28,20.0,21.28,1.28,17.77,23.03,9.4215,11.176,0.978,1.2144,11.425,10.895,11.47,0.575,9.71,12.38,8.7512,48.3093,0.337,0.4184,48.4867,48.0933,48.51,0.4167,47.8267,48.63,0.6975,48.774,0.3514,0.4363,48.96,48.42,49.0,0.58,48.37,49.12,0.7205,72.464,0.5054,0.6276,72.73,72.14,72.765,0.625,71.74,72.945,0.6975,10.5309,0.1819,0.2259,10.4712,10.4167,10.5528,0.1361,10.3792,10.8347,1.7276,8.2662,0.1974,0.2451,8.2033,8.1841,8.2978,0.1137,8.0604,8.5854,2.3884,1.0,0.0,0.0,1.0,1.0,1.0,0.0,1.0,1.0,0.0,37.6,0.5477,0.6801,38.0,37.0,38.0,1.0,37.0,38.0,1.4567,39.6,0.5477,0.6801,40.0,39.0,40.0,1.0,39.0,40.0,1.3831,0.0,0.0,0.0,0.0,0.0,0.0,0.0,0.0,0.0,,10.0,0.0,0.0,10.0,10.0,10.0,0.0,10.0,10.0,0.0,10.0,0.0,0.0,10.0,10.0,10.0,0.0,10.0,10.0,0.0,0.0,0.0,0.0,0.0,0.0,0.0,0.0,0.0,0.0,,30.0004,0.0005,0.0007,30.0,30.0,30.001,0.001,30.0,30.001,0.0018,0.0047,0.0017,0.0021,0.0036,0.0035,0.0065,0.0029,0.0032,0.0066,36.1437,0.0002,0.0001,0.0001,0.0001,0.0001,0.0002,0.0001,0.0001,0.0002,36.0973,2.7426,0.0846,0.1051,2.7104,2.7067,2.7322,0.0255,2.6742,2.8894,3.0861,1.6773,0.0536,1,1.6773,0.0536,1
st-erlang-pure-28-4-3,static,20000,100,reuse,500,5,8.0,0.0,0.0,8.0,8.0,8.0,0.0,8.0,8.0,0.0,20000.0,0.0,0.0,20000.0,20000.0,20000.0,0.0,20000.0,20000.0,0.0,0.0,0.0,0.0,0.0,0.0,0.0,0.0,0.0,0.0,,24.341,0.06,0.0745,24.3171,24.3055,24.3415,0.0359,24.297,24.4441,0.2464,821.6619,2.0191,2.507,822.4652,821.6433,822.8582,1.2149,818.1946,823.1479,0.2457,48.9671,2.1713,2.696,49.5185,48.128,50.7061,2.5782,45.6173,50.8656,4.4342,2.0118,0.0903,0.1121,2.0381,1.9689,2.0862,0.1173,1.8759,2.0897,4.4867,37.0,0.0,0.0,37.0,37.0,37.0,0.0,37.0,37.0,0.0,65.3493,2.4239,3.0096,64.7267,64.6913,67.24,2.5487,61.9686,68.12,3.7092,87.864,2.3422,2.9082,89.0,85.93,89.19,3.26,84.86,90.34,2.6657,470.387,21.3757,26.5409,476.84,470.68,485.185,14.505,433.78,485.45,4.5443,50.5222,0.4856,0.6029,50.4664,50.2553,50.7233,0.468,49.9421,51.2236,0.9611,51.174,0.5221,0.6483,51.02,50.91,51.33,0.42,50.62,51.99,1.0203,363.753,14.0406,17.4335,358.565,353.265,376.915,23.65,349.595,380.425,3.8599,241.0148,1.1684,1.4507,241.077,240.7,241.9236,1.2237,239.2178,242.1559,0.4848,9.9016,0.053,0.0659,9.9031,9.8624,9.9387,0.0764,9.8374,9.9665,0.5356,1.0,0.0,0.0,1.0,1.0,1.0,0.0,1.0,1.0,0.0,35.8,0.8367,1.0388,36.0,35.0,36.0,1.0,35.0,37.0,2.337,41.6,1.1402,1.4157,42.0,41.0,42.0,1.0,40.0,43.0,2.7408,0.0,0.0,0.0,0.0,0.0,0.0,0.0,0.0,0.0,,10.0,0.0,0.0,10.0,10.0,10.0,0.0,10.0,10.0,0.0,10.0,0.0,0.0,10.0,10.0,10.0,0.0,10.0,10.0,0.0,0.0,0.0,0.0,0.0,0.0,0.0,0.0,0.0,0.0,,30.0006,0.0005,0.0007,30.001,30.0,30.001,0.001,30.0,30.001,0.0018,0.0072,0.0031,0.0038,0.0071,0.0065,0.0075,0.001,0.0032,0.0119,42.8048,0.0002,0.0001,0.0001,0.0002,0.0002,0.0003,0.0,0.0001,0.0004,42.8924,2.7787,0.0845,0.105,2.7577,2.7398,2.7592,0.0195,2.711,2.9259,3.0423,48.9671,2.696,0,48.9671,2.696,0
st-erlang-pure-28-4-3,static,80000,100,reuse,500,5,8.0,0.0,0.0,8.0,8.0,8.0,0.0,8.0,8.0,0.0,80000.0,0.0,0.0,80000.0,80000.0,80000.0,0.0,80000.0,80000.0,0.0,0.0,0.0,0.0,0.0,0.0,0.0,0.0,0.0,0.0,,97.4786,0.327,0.4061,97.3204,97.2361,97.6803,0.4441,97.2016,97.9546,0.3355,820.7003,2.7485,3.4126,822.0269,818.9986,822.7394,3.7408,816.7045,823.0319,0.3349,201.9026,5.3564,6.6507,199.0478,198.7818,202.7644,3.9826,198.0151,210.9036,2.6529,2.0711,0.0482,0.0598,2.0453,2.0443,2.0758,0.0315,2.0372,2.1531,2.3253,149.2,0.8367,1.0388,149.0,149.0,150.0,1.0,148.0,150.0,0.5608,78.3717,1.4118,1.7529,77.5769,77.5306,78.6317,1.101,77.3835,80.7359,1.8014,89.084,3.6404,4.52,90.77,85.37,91.23,5.86,85.04,93.01,4.0864,1896.753,48.9244,60.7467,1887.16,1860.735,1900.635,39.9,1857.205,1978.03,2.5794,50.145,0.7104,0.8821,50.4548,49.644,50.6876,1.0436,49.1583,50.7804,1.4167,50.692,0.86,1.0678,51.09,49.92,51.26,1.34,49.63,51.56,1.6965,1213.627,29.0228,36.036,1210.915,1191.455,1241.845,50.39,1179.8,1244.12,2.3914,974.5688,5.1784,6.4297,972.7269,971.9282,973.4148,1.4866,971.0751,983.6989,0.5313,9.9978,0.0364,0.0451,10.0022,9.9955,10.0073,0.0118,9.9414,10.0424,0.3637,1.0,0.0,0.0,1.0,1.0,1.0,0.0,1.0,1.0,0.0,36.4,1.1402,1.4157,36.0,36.0,37.0,1.0,35.0,38.0,3.1324,44.8,0.8367,1.0388,45.0,44.0,45.0,1.0,44.0,46.0,1.8675,0.0,0.0,0.0,0.0,0.0,0.0,0.0,0.0,0.0,,10.0,0.0,0.0,10.0,10.0,10.0,0.0,10.0,10.0,0.0,10.0,0.0,0.0,10.0,10.0,10.0,0.0,10.0,10.0,0.0,0.0,0.0,0.0,0.0,0.0,0.0,0.0,0.0,0.0,,30.0002,0.0004,0.0006,30.0,30.0,30.0,0.0,30.0,30.001,0.0015,0.0034,0.0023,0.0028,0.0037,0.0032,0.0037,0.0005,0.0,0.0064,66.8478,0.0001,0.0001,0.0001,0.0001,0.0001,0.0001,0.0,0.0,0.0002,66.7775,2.7177,0.0239,0.0297,2.7202,2.6991,2.7255,0.0264,2.6916,2.7522,0.8794,199.6523,3.374,1,199.6523,3.374,1
st-erlang-yaws-28-4-3,static,1000,100,reuse,500,5,8.0,0.0,0.0,8.0,8.0,8.0,0.0,8.0,8.0,0.0,1000.0,0.0,0.0,1000.0,1000.0,1000.0,0.0,1000.0,1000.0,0.0,0.0,0.0,0.0,0.0,0.0,0.0,0.0,0.0,0.0,,1.3491,0.0142,0.0177,1.3485,1.3472,1.3577,0.0105,1.3272,1.3649,1.0538,741.3112,7.8553,9.7535,741.5854,736.5504,742.287,5.7366,732.651,753.4822,1.0597,3.6217,0.226,0.2806,3.6954,3.5441,3.712,0.1678,3.2777,3.8793,6.2402,2.684,0.154,0.1912,2.7074,2.6104,2.7527,0.1423,2.4697,2.8796,5.7379,2.0,0.0,0.0,2.0,2.0,2.0,0.0,2.0,2.0,0.0,17.1633,1.9799,2.4583,17.5667,16.05,18.8933,2.8433,14.3333,18.9733,11.5357,47.342,5.6678,7.0374,48.52,45.23,51.43,6.2,38.66,52.87,11.972,25.745,2.9699,3.6875,26.35,24.075,28.34,4.265,21.5,28.46,11.5357,68.8693,1.9427,2.4121,68.6433,68.6233,69.08,0.4567,66.27,71.73,2.8208,69.854,2.3421,2.9081,69.48,68.9,70.4,1.5,67.06,73.43,3.3529,103.304,2.914,3.6182,102.965,102.935,103.62,0.685,99.405,107.595,2.8208,12.1377,0.5224,0.6487,12.1614,12.1552,12.4041,0.2489,11.2865,12.6811,4.3041,8.9955,0.3302,0.41,9.0227,8.9101,9.1363,0.2262,8.5042,9.4041,3.6711,1.0,0.0,0.0,1.0,1.0,1.0,0.0,1.0,1.0,0.0,37.6,1.1402,1.4157,38.0,37.0,38.0,1.0,36.0,39.0,3.0324,40.0,1.0,1.2416,40.0,39.0,41.0,2.0,39.0,41.0,2.5,0.0,0.0,0.0,0.0,0.0,0.0,0.0,0.0,0.0,,10.0,0.0,0.0,10.0,10.0,10.0,0.0,10.0,10.0,0.0,10.0,0.0,0.0,10.0,10.0,10.0,0.0,10.0,10.0,0.0,0.0,0.0,0.0,0.0,0.0,0.0,0.0,0.0,0.0,,30.0006,0.0005,0.0007,30.001,30.0,30.001,0.001,30.0,30.001,0.0018,0.0334,0.0074,0.0092,0.0302,0.0278,0.0405,0.0126,0.0262,0.0421,22.147,0.0011,0.0002,0.0003,0.001,0.0009,0.0013,0.0004,0.0009,0.0014,22.1431,2.7666,0.0373,0.0463,2.7646,2.7561,2.776,0.0199,2.7163,2.8198,1.3476,3.7077,0.2181,1,3.6217,0.2806,0
st-erlang-yaws-28-4-3,static,20000,100,reuse,500,5,8.0,0.0,0.0,8.0,8.0,8.0,0.0,8.0,8.0,0.0,20000.0,0.0,0.0,20000.0,20000.0,20000.0,0.0,20000.0,20000.0,0.0,0.0,0.0,0.0,0.0,0.0,0.0,0.0,0.0,0.0,,25.5682,0.0333,0.0414,25.5617,25.539,25.599,0.0601,25.5346,25.6066,0.1304,782.2234,1.0199,1.2663,782.421,781.2796,783.1168,1.8372,781.0495,783.2503,0.1304,105.9086,6.2833,7.8016,108.3633,103.0866,109.8959,6.8093,96.3049,111.8921,5.9328,4.1422,0.2458,0.3051,4.2438,4.027,4.3031,0.2761,3.7676,4.3697,5.9329,38.6,0.5477,0.6801,39.0,38.0,39.0,1.0,38.0,39.0,1.419,128.0009,6.7887,8.4291,129.5633,124.7693,132.948,8.1787,117.9473,134.7767,5.3036,173.334,6.5133,8.0871,170.28,169.58,174.49,4.91,168.13,184.19,3.7576,960.007,50.9149,63.2182,971.725,935.77,997.11,61.34,884.605,1010.825,5.3036,75.3111,2.228,2.7664,75.8647,73.2287,75.9773,2.7487,73.0593,78.4253,2.9584,77.414,2.6508,3.2914,77.31,75.31,78.57,3.26,74.64,81.24,3.4242,564.833,16.7099,20.7478,568.985,549.215,569.83,20.615,547.945,588.19,2.9584,266.6903,1.7038,2.1155,266.3402,266.2838,266.8248,0.541,264.6442,269.3584,0.6389,10.4305,0.061,0.0758,10.4266,10.4043,10.4495,0.0452,10.3532,10.5191,0.5851,1.0,0.0,0.0,1.0,1.0,1.0,0.0,1.0,1.0,0.0,36.0,1.5811,1.9632,36.0,35.0,37.0,2.0,34.0,38.0,4.3921,43.0,1.2247,1.5207,43.0,42.0,43.0,1.0,42.0,45.0,2.8482,0.0,0.0,0.0,0.0,0.0,0.0,0.0,0.0,0.0,,10.0,0.0,0.0,10.0,10.0,10.0,0.0,10.0,10.0,0.0,10.0,0.0,0.0,10.0,10.0,10.0,0.0,10.0,10.0,0.0,0.0,0.0,0.0,0.0,0.0,0.0,0.0,0.0,0.0,,30.0008,0.0004,0.0006,30.001,30.001,30.001,0.0,30.0,30.001,0.0015,0.0348,0.0058,0.0073,0.0337,0.0309,0.04,0.0091,0.0279,0.0415,16.7954,0.0012,0.0002,0.0002,0.0011,0.001,0.0013,0.0003,0.0009,0.0014,16.7908,2.7314,0.042,0.0522,2.728,2.7064,2.7319,0.0256,2.6904,2.8003,1.538,105.9086,7.8016,0,105.9086,7.8016,0
st-erlang-yaws-28-4-3,static,80000,100,reuse,500,5,8.0,0.0,0.0,8.0,8.0,8.0,0.0,8.0,8.0,0.0,80000.0,0.0,0.0,80000.0,80000.0,80000.0,0.0,80000.0,80000.0,0.0,0.0,0.0,0.0,0.0,0.0,0.0,0.0,0.0,0.0,,101.9123,0.3494,0.4339,102.0791,101.582,102.1982,0.6162,101.4891,102.2133,0.3429,784.9958,2.6945,3.3457,783.7063,782.7924,787.5413,4.7488,782.677,788.2621,0.3433,439.662,4.7204,5.8611,439.0568,438.2201,442.7753,4.5552,432.9474,445.3106,1.0737,4.3141,0.0379,0.047,4.3179,4.2955,4.3325,0.037,4.262,4.3624,0.8783,153.4,0.5477,0.6801,153.0,153.0,154.0,1.0,153.0,154.0,0.3571,154.7984,1.3936,1.7304,155.0863,155.0284,155.3282,0.2998,152.4302,156.119,0.9003,172.4,2.6714,3.3169,171.55,171.45,171.62,0.17,170.3,177.08,1.5495,3916.59,88.7638,110.213,3883.205,3875.71,3981.035,105.325,3810.755,4032.245,2.2664,74.4289,1.8634,2.3137,74.5532,74.4912,75.3106,0.8194,71.3925,76.3968,2.5036,75.994,2.6544,3.2958,76.08,75.3,78.28,2.98,71.91,78.4,3.4929,1882.923,52.5897,65.2977,1863.83,1862.28,1909.92,47.64,1820.51,1958.075,2.793,1071.8241,6.2737,7.7897,1073.7532,1066.6746,1074.7512,8.0766,1064.2704,1079.671,0.5853,10.5171,0.0365,0.0454,10.5102,10.5066,10.5148,0.0082,10.477,10.5768,0.3474,1.0,0.0,0.0,1.0,1.0,1.0,0.0,1.0,1.0,0.0,36.0,1.0,1.2416,36.0,35.0,37.0,2.0,35.0,37.0,2.7778,45.8,1.3038,1.6189,46.0,45.0,47.0,2.0,44.0,47.0,2.8468,0.0,0.0,0.0,0.0,0.0,0.0,0.0,0.0,0.0,,10.0,0.0,0.0,10.0,10.0,10.0,0.0,10.0,10.0,0.0,10.0,0.0,0.0,10.0,10.0,10.0,0.0,10.0,10.0,0.0,0.0,0.0,0.0,0.0,0.0,0.0,0.0,0.0,0.0,,30.0004,0.0005,0.0007,30.0,30.0,30.001,0.001,30.0,30.001,0.0018,0.0322,0.0074,0.0092,0.0277,0.0276,0.0335,0.0059,0.0275,0.0445,22.9456,0.0011,0.0002,0.0003,0.0009,0.0009,0.0011,0.0002,0.0009,0.0015,22.951,2.7801,0.0405,0.0502,2.7841,2.7575,2.8057,0.0482,2.7249,2.8282,1.4556,439.662,5.8611,0,439.662,5.8611,0
st-gleam-index-1-15-2,static,1000,100,reuse,500,5,8.0,0.0,0.0,8.0,8.0,8.0,0.0,8.0,8.0,0.0,1000.0,0.0,0.0,1000.0,1000.0,1000.0,0.0,1000.0,1000.0,0.0,0.0,0.0,0.0,0.0,0.0,0.0,0.0,0.0,0.0,,1.3362,0.0058,0.0071,1.3336,1.3325,1.3397,0.0072,1.3307,1.3445,0.4308,748.4052,3.217,3.9944,749.8684,746.4302,750.4809,4.0507,743.7617,751.4849,0.4299,5.0042,0.6545,0.8127,4.8738,4.7795,5.1448,0.3653,4.2162,6.0068,13.0792,3.7452,0.491,0.6096,3.638,3.5917,3.8265,0.2348,3.1616,4.508,13.1093,2.0,0.0,0.0,2.0,2.0,2.0,0.0,2.0,2.0,0.0,22.6367,1.0049,1.2477,22.3133,21.8567,23.0167,1.16,21.79,24.2067,4.4391,63.82,3.3462,4.1548,62.14,62.08,64.87,2.79,60.82,69.19,5.2433,33.955,1.5073,1.8715,33.47,32.785,34.525,1.74,32.685,36.31,4.4391,58.1507,0.6844,0.8498,58.3067,57.89,58.6567,0.7667,57.1,58.8,1.177,62.172,1.1858,1.4723,61.74,61.5,63.04,1.54,60.84,63.74,1.9073,87.226,1.0267,1.2748,87.46,86.835,87.985,1.15,85.65,88.2,1.177,12.2684,0.8213,1.0197,11.9042,11.9011,12.1945,0.2934,11.6462,13.6959,6.6942,9.1827,0.6339,0.7871,8.9435,8.8539,9.1443,0.2904,8.6931,10.2785,6.9033,1.0,0.0,0.0,1.0,1.0,1.0,0.0,1.0,1.0,0.0,37.8,0.4472,0.5553,38.0,38.0,38.0,0.0,37.0,38.0,1.1831,40.6,1.1402,1.4157,41.0,40.0,41.0,1.0,39.0,42.0,2.8083,0.0,0.0,0.0,0.0,0.0,0.0,0.0,0.0,0.0,,10.0,0.0,0.0,10.0,10.0,10.0,0.0,10.0,10.0,0.0,10.0,0.0,0.0,10.0,10.0,10.0,0.0,10.0,10.0,0.0,0.0,0.0,0.0,0.0,0.0,0.0,0.0,0.0,0.0,,30.0004,0.0005,0.0007,30.0,30.0,30.001,0.001,30.0,30.001,0.0018,0.0251,0.0026,0.0032,0.0262,0.024,0.0269,0.0029,0.021,0.0272,10.3757,0.0008,0.0001,0.0001,0.0009,0.0008,0.0009,0.0001,0.0007,0.0009,10.3837,2.7821,0.0351,0.0435,2.7966,2.7566,2.8003,0.0437,2.7354,2.8215,1.2607,4.9327,0.4711,2,5.0042,0.8127,0
st-gleam-index-1-15-2,static,20000,100,reuse,500,5,8.0,0.0,0.0,8.0,8.0,8.0,0.0,8.0,8.0,0.0,20000.0,0.0,0.0,20000.0,20000.0,20000.0,0.0,20000.0,20000.0,0.0,0.0,0.0,0.0,0.0,0.0,0.0,0.0,0.0,0.0,,25.2374,0.1908,0.2369,25.3557,25.0353,25.3613,0.326,25.0241,25.4105,0.7561,792.5118,6.0071,7.4586,788.7768,788.6042,798.8732,10.269,787.0766,799.2282,0.758,106.9324,23.5187,29.2018,114.8427,108.758,122.2528,13.4947,66.1378,122.6706,21.994,4.233,0.9126,1.1331,4.5293,4.3461,4.8205,0.4743,2.6418,4.8276,21.5583,38.0,0.0,0.0,38.0,38.0,38.0,0.0,38.0,38.0,0.0,131.8553,27.1057,33.6556,141.5393,132.5843,148.384,15.7997,85.1547,151.6143,20.5572,199.034,28.9019,35.8858,191.73,177.8,226.21,48.41,167.33,232.1,14.5211,960.495,192.4979,239.0138,1061.3,928.09,1061.545,133.455,638.66,1112.88,20.0415,69.7305,2.3495,2.9173,69.6653,68.4086,69.8413,1.4328,67.246,73.4914,3.3695,72.584,2.9208,3.6266,71.96,70.34,73.38,3.04,70.02,77.22,4.0241,508.789,18.4443,22.9013,514.44,504.345,522.49,18.145,478.86,523.81,3.6251,262.7226,5.1666,6.4151,265.4402,261.7548,266.0664,4.3116,254.0806,266.2708,1.9666,10.4095,0.1461,0.1814,10.4687,10.4601,10.4788,0.0187,10.1489,10.4911,1.4038,1.0,0.0,0.0,1.0,1.0,1.0,0.0,1.0,1.0,0.0,36.6,0.5477,0.6801,37.0,36.0,37.0,1.0,36.0,37.0,1.4965,42.8,1.3038,1.6189,42.0,42.0,43.0,1.0,42.0,45.0,3.0464,0.0,0.0,0.0,0.0,0.0,0.0,0.0,0.0,0.0,,10.0,0.0,0.0,10.0,10.0,10.0,0.0,10.0,10.0,0.0,10.0,0.0,0.0,10.0,10.0,10.0,0.0,10.0,10.0,0.0,0.0,0.0,0.0,0.0,0.0,0.0,0.0,0.0,0.0,,30.0006,0.0005,0.0007,30.001,30.0,30.001,0.001,30.0,30.001,0.0018,0.0209,0.0072,0.009,0.0211,0.0198,0.024,0.0042,0.0098,0.0296,34.6827,0.0007,0.0002,0.0003,0.0007,0.0007,0.0008,0.0001,0.0003,0.001,34.703,2.771,0.0742,0.0922,2.7809,2.7131,2.825,0.1119,2.6795,2.8564,2.6784,117.131,10.5653,1,117.131,10.5653,1
st-gleam-index-1-15-2,static,80000,100,reuse,500,5,8.0,0.0,0.0,8.0,8.0,8.0,0.0,8.0,8.0,0.0,80000.0,0.0,0.0,80000.0,80000.0,80000.0,0.0,80000.0,80000.0,0.0,0.0,0.0,0.0,0.0,0.0,0.0,0.0,0.0,0.0,,100.7841,0.323,0.401,100.7777,100.6087,100.9903,0.3816,100.3574,101.1865,0.3205,793.7823,2.5445,3.1593,793.8262,792.1552,795.1596,3.0044,790.6194,797.1509,0.3206,448.4589,11.38,14.1299,449.9792,439.5421,450.0669,10.5248,436.9162,465.7903,2.5376,4.4495,0.0996,0.1236,4.4565,4.3688,4.4651,0.0962,4.3536,4.6033,2.2375,152.2,0.4472,0.5553,152.0,152.0,152.0,0.0,152.0,153.0,0.2938,159.6957,3.4532,4.2876,159.5829,157.9902,160.3318,2.3416,155.614,164.9598,2.1623,217.036,20.9328,25.991,226.88,211.68,228.93,17.25,182.85,234.84,9.6448,3992.553,110.3448,137.0089,4008.295,3890.35,4069.365,179.015,3870.76,4123.995,2.7638,73.7627,3.0153,3.7439,73.8665,73.8171,75.2276,1.4105,68.8958,77.0064,4.0878,75.934,2.1881,2.7169,76.09,75.03,76.75,1.72,72.93,78.87,2.8816,1844.062,79.6318,98.8743,1880.69,1809.73,1882.335,72.605,1722.395,1925.16,4.3183,1063.7027,3.8761,4.8128,1063.6773,1062.7753,1065.9618,3.1865,1057.888,1068.2108,0.3644,10.5543,0.0301,0.0374,10.5551,10.5457,10.5569,0.0111,10.5149,10.5989,0.2852,1.0,0.0,0.0,1.0,1.0,1.0,0.0,1.0,1.0,0.0,36.6,0.5477,0.6801,37.0,36.0,37.0,1.0,36.0,37.0,1.4965,45.8,1.3038,1.6189,46.0,45.0,47.0,2.0,44.0,47.0,2.8468,0.0,0.0,0.0,0.0,0.0,0.0,0.0,0.0,0.0,,10.0,0.0,0.0,10.0,10.0,10.0,0.0,10.0,10.0,0.0,10.0,0.0,0.0,10.0,10.0,10.0,0.0,10.0,10.0,0.0,0.0,0.0,0.0,0.0,0.0,0.0,0.0,0.0,0.0,,30.0006,0.0005,0.0007,30.001,30.0,30.001,0.001,30.0,30.001,0.0018,0.0269,0.0101,0.0125,0.024,0.0239,0.0264,0.0025,0.0165,0.0436,37.3952,0.0009,0.0003,0.0004,0.0008,0.0008,0.0009,0.0001,0.0006,0.0015,37.3917,2.7226,0.0474,0.0589,2.7462,2.6851,2.751,0.0659,2.66,2.7705,1.7412,448.4589,14.1299,0,448.4589,14.1299,0
st-gleam-mist-1-15-2,static,1000,100,reuse,500,5,8.0,0.0,0.0,8.0,8.0,8.0,0.0,8.0,8.0,0.0,1000.0,0.0,0.0,1000.0,1000.0,1000.0,0.0,1000.0,1000.0,0.0,0.0,0.0,0.0,0.0,0.0,0.0,0.0,0.0,0.0,,1.2717,0.0053,0.0066,1.2747,1.27,1.275,0.0051,1.263,1.2755,0.4201,786.3899,3.3157,4.1169,784.4879,784.2903,787.4131,3.1228,783.976,791.7821,0.4216,1.2238,0.3316,0.4118,1.0706,1.0702,1.3112,0.241,0.9086,1.7585,27.0984,0.962,0.2586,0.3211,0.8477,0.839,1.0286,0.1896,0.7155,1.3792,26.8791,1.8,0.4472,0.5553,2.0,2.0,2.0,0.0,1.0,2.0,24.8452,5.6853,1.5046,1.8682,5.1733,4.9933,5.2033,0.21,4.7033,8.3533,26.4655,15.366,4.4631,5.5415,13.73,12.96,14.92,1.96,12.09,23.13,29.0451,8.528,2.257,2.8024,7.76,7.49,7.805,0.315,7.055,12.53,26.4655,58.7853,1.9271,2.3928,58.4333,58.2167,59.5833,1.3667,56.2233,61.47,3.2783,62.026,2.2147,2.7499,61.75,60.52,64.06,3.54,59.34,64.46,3.5707,88.178,2.8907,3.5892,87.65,87.325,89.375,2.05,84.335,92.205,3.2783,10.976,0.9161,1.1375,10.664,10.5646,10.692,0.1274,10.361,12.5982,8.3466,8.6307,0.7098,0.8813,8.3658,8.3187,8.4658,0.1471,8.1228,9.8807,8.2239,1.0,0.0,0.0,1.0,1.0,1.0,0.0,1.0,1.0,0.0,38.2,1.9235,2.3883,38.0,37.0,39.0,2.0,36.0,41.0,5.0354,40.8,1.4832,1.8417,41.0,40.0,41.0,1.0,39.0,43.0,3.6354,0.0,0.0,0.0,0.0,0.0,0.0,0.0,0.0,0.0,,10.0,0.0,0.0,10.0,10.0,10.0,0.0,10.0,10.0,0.0,10.0,0.0,0.0,10.0,10.0,10.0,0.0,10.0,10.0,0.0,0.0,0.0,0.0,0.0,0.0,0.0,0.0,0.0,0.0,,30.0006,0.0005,0.0007,30.001,30.0,30.001,0.001,30.0,30.001,0.0018,0.0235,0.0142,0.0176,0.0203,0.0202,0.0238,0.0036,0.007,0.0461,60.3039,0.0008,0.0005,0.0006,0.0007,0.0007,0.0008,0.0001,0.0002,0.0015,60.3111,2.7961,0.0888,0.1102,2.7806,2.7556,2.8309,0.0753,2.6881,2.9255,3.1744,1.0902,0.264,1,1.2238,0.4118,0
st-gleam-mist-1-15-2,static,20000,100,reuse,500,5,8.0,0.0,0.0,8.0,8.0,8.0,0.0,8.0,8.0,0.0,20000.0,0.0,0.0,20000.0,20000.0,20000.0,0.0,20000.0,20000.0,0.0,0.0,0.0,0.0,0.0,0.0,0.0,0.0,0.0,0.0,,24.4469,0.1095,0.136,24.4069,24.352,24.5319,0.1798,24.3515,24.5921,0.4481,818.1136,3.6602,4.5446,819.44,815.2665,821.2875,6.021,813.2694,821.3045,0.4474,35.1865,14.9752,18.5939,32.0063,31.338,47.2943,15.9562,13.7708,51.5229,42.5597,1.4373,0.6066,0.7532,1.3114,1.2869,1.9279,0.641,0.5655,2.0951,42.2033,37.0,0.0,0.0,37.0,37.0,37.0,0.0,37.0,37.0,0.0,47.8351,20.5606,25.529,45.132,42.7587,65.4257,22.667,17.4313,68.4279,42.9823,72.358,18.082,22.4514,76.7,54.89,87.3,32.41,51.97,90.93,24.9897,345.378,138.9796,172.5631,338.49,320.69,457.98,137.29,130.735,478.995,40.2398,67.6314,1.9468,2.4172,67.57,67.0393,67.9827,0.9433,65.0773,70.4879,2.8786,70.962,2.8884,3.5863,70.92,69.79,72.67,2.88,66.91,74.52,4.0703,493.43,14.1809,17.6076,493.415,488.08,502.795,14.715,472.99,509.87,2.8739,240.3658,4.731,5.8742,239.7746,236.8849,244.9186,8.0337,234.8234,245.4272,1.9683,9.8317,0.1522,0.1889,9.824,9.7277,9.9592,0.2315,9.6429,10.0044,1.5478,1.0,0.0,0.0,1.0,1.0,1.0,0.0,1.0,1.0,0.0,37.0,1.8708,2.3229,37.0,36.0,37.0,1.0,35.0,40.0,5.0563,42.6,1.3416,1.6658,42.0,42.0,42.0,0.0,42.0,45.0,3.1494,0.0,0.0,0.0,0.0,0.0,0.0,0.0,0.0,0.0,,10.0,0.0,0.0,10.0,10.0,10.0,0.0,10.0,10.0,0.0,10.0,0.0,0.0,10.0,10.0,10.0,0.0,10.0,10.0,0.0,0.0,0.0,0.0,0.0,0.0,0.0,0.0,0.0,0.0,,30.0006,0.0005,0.0007,30.001,30.0,30.001,0.001,30.0,30.001,0.0018,0.0254,0.0033,0.0041,0.0254,0.0241,0.0262,0.0021,0.0211,0.0302,12.932,0.0008,0.0001,0.0001,0.0008,0.0008,0.0009,0.0001,0.0007,0.001,12.9083,2.7594,0.0942,0.1169,2.7251,2.6993,2.8311,0.1318,2.6582,2.8831,3.4124,35.1865,18.5939,0,35.1865,18.5939,0
st-gleam-mist-1-15-2,static,80000,100,reuse,500,5,8.0,0.0,0.0,8.0,8.0,8.0,0.0,8.0,8.0,0.0,80000.0,0.0,0.0,80000.0,80000.0,80000.0,0.0,80000.0,80000.0,0.0,0.0,0.0,0.0,0.0,0.0,0.0,0.0,0.0,0.0,,97.8947,0.3006,0.3732,98.0648,97.7668,98.0754,0.3086,97.4237,98.1428,0.307,817.2107,2.5149,3.1226,815.787,815.6988,818.2735,2.5747,815.1385,821.1556,0.3077,182.1696,25.4056,31.5447,192.6344,176.5938,199.87,23.2762,140.2748,201.4752,13.9461,1.8603,0.2547,0.3162,1.9628,1.8063,2.0381,0.2319,1.4398,2.0543,13.691,149.4,0.5477,0.6801,149.0,149.0,150.0,1.0,149.0,150.0,0.3666,70.153,9.5034,11.7999,73.9318,67.5182,77.0545,9.5363,54.7276,77.5329,13.5467,87.584,1.3146,1.6322,87.04,87.03,87.7,0.67,86.37,89.78,1.5009,1718.748,232.8336,289.0964,1811.33,1654.195,1887.835,233.64,1340.825,1899.555,13.5467,70.6736,1.5845,1.9674,70.2459,69.9439,71.9502,2.0063,68.6531,72.5749,2.242,72.126,1.9181,2.3816,71.61,70.78,74.11,3.33,69.98,74.15,2.6593,1731.503,38.8204,48.2011,1721.025,1713.625,1762.78,49.155,1682.0,1778.085,2.242,977.2424,9.1572,11.37,979.9738,977.0587,982.5074,5.4486,961.7239,984.9483,0.937,9.9825,0.0729,0.0905,9.9931,9.9555,10.0428,0.0873,9.8716,10.0495,0.7305,1.0,0.0,0.0,1.0,1.0,1.0,0.0,1.0,1.0,0.0,36.8,1.4832,1.8417,37.0,36.0,37.0,1.0,35.0,39.0,4.0305,45.8,1.0954,1.3602,45.0,45.0,47.0,2.0,45.0,47.0,2.3918,0.0,0.0,0.0,0.0,0.0,0.0,0.0,0.0,0.0,,10.0,0.0,0.0,10.0,10.0,10.0,0.0,10.0,10.0,0.0,10.0,0.0,0.0,10.0,10.0,10.0,0.0,10.0,10.0,0.0,0.0,0.0,0.0,0.0,0.0,0.0,0.0,0.0,0.0,,30.0006,0.0005,0.0007,30.001,30.0,30.001,0.001,30.0,30.001,0.0018,0.0216,0.0072,0.009,0.0234,0.0201,0.0237,0.0036,0.0106,0.0305,33.4658,0.0007,0.0002,0.0003,0.0008,0.0007,0.0008,0.0001,0.0004,0.001,33.4621,2.7468,0.0731,0.0907,2.7224,2.697,2.7578,0.0608,2.6886,2.8684,2.6602,192.6433,18.0915,1,192.6433,18.0915,1
st-gleam-pure-1-15-2,static,1000,100,reuse,500,5,8.0,0.0,0.0,8.0,8.0,8.0,0.0,8.0,8.0,0.0,1000.0,0.0,0.0,1000.0,1000.0,1000.0,0.0,1000.0,1000.0,0.0,0.0,0.0,0.0,0.0,0.0,0.0,0.0,0.0,0.0,,1.2751,0.0086,0.0106,1.2767,1.2748,1.2813,0.0065,1.2607,1.2819,0.671,784.3012,5.2965,6.5763,783.2923,780.4699,784.445,3.975,780.1124,793.1864,0.6753,1.0927,0.2355,0.2924,0.9955,0.9894,1.0357,0.0463,0.934,1.509,21.5512,0.8566,0.1816,0.2255,0.7896,0.775,0.808,0.033,0.7327,1.1777,21.2052,2.0,0.0,0.0,2.0,2.0,2.0,0.0,2.0,2.0,0.0,6.1027,1.3753,1.7077,6.0033,5.1033,7.0833,1.98,4.49,7.8333,22.5366,16.648,3.9848,4.9477,16.21,14.74,19.2,4.46,11.39,21.7,23.9356,9.154,2.063,2.5615,9.005,7.655,10.625,2.97,6.735,11.75,22.5366,57.6333,1.407,1.747,57.6733,56.3467,58.6767,2.33,56.13,59.34,2.4413,60.894,1.816,2.2548,61.46,59.42,62.05,2.63,58.61,62.93,2.9822,86.45,2.1105,2.6205,86.51,84.52,88.015,3.495,84.195,89.01,2.4413,10.7667,0.6835,0.8487,10.5256,10.4594,10.8379,0.3785,10.1115,11.8989,6.3486,8.4434,0.5226,0.6489,8.2446,8.1595,8.4587,0.2992,8.0203,9.3341,6.1899,1.0,0.0,0.0,1.0,1.0,1.0,0.0,1.0,1.0,0.0,38.0,1.4142,1.7559,38.0,38.0,38.0,0.0,36.0,40.0,3.7216,40.2,1.3038,1.6189,41.0,40.0,41.0,1.0,38.0,41.0,3.2434,0.0,0.0,0.0,0.0,0.0,0.0,0.0,0.0,0.0,,10.0,0.0,0.0,10.0,10.0,10.0,0.0,10.0,10.0,0.0,10.0,0.0,0.0,10.0,10.0,10.0,0.0,10.0,10.0,0.0,0.0,0.0,0.0,0.0,0.0,0.0,0.0,0.0,0.0,,30.0008,0.0004,0.0006,30.001,30.001,30.001,0.0,30.0,30.001,0.0015,0.0269,0.0108,0.0134,0.024,0.0202,0.0287,0.0085,0.0172,0.0447,40.1386,0.0009,0.0004,0.0004,0.0008,0.0007,0.001,0.0003,0.0006,0.0015,40.137,2.7612,0.0236,0.0293,2.7638,2.7513,2.7656,0.0143,2.7302,2.795,0.8544,0.9887,0.0665,1,0.9887,0.0665,1
st-gleam-pure-1-15-2,static,20000,100,reuse,500,5,8.0,0.0,0.0,8.0,8.0,8.0,0.0,8.0,8.0,0.0,20000.0,0.0,0.0,20000.0,20000.0,20000.0,0.0,20000.0,20000.0,0.0,0.0,0.0,0.0,0.0,0.0,0.0,0.0,0.0,0.0,,24.6254,0.0785,0.0974,24.6432,24.5879,24.6898,0.102,24.5087,24.6971,0.3187,812.1775,2.5927,3.2192,811.5828,810.0496,813.4096,3.36,809.81,816.0354,0.3192,47.8945,3.9957,4.9613,46.2103,45.6355,47.4901,1.8546,45.2562,54.8802,8.3428,1.9448,0.1602,0.1989,1.8752,1.856,1.9377,0.0817,1.8324,2.2228,8.2382,37.6,0.5477,0.6801,38.0,37.0,38.0,1.0,37.0,38.0,1.4567,63.4094,5.649,7.0141,61.2621,59.6933,64.5421,4.8488,58.8193,72.73,8.9088,92.706,6.3297,7.8592,91.11,88.81,98.2,9.39,85.21,100.2,6.8277,462.99,46.9219,58.2603,447.7,441.145,451.795,10.65,428.835,545.475,10.1345,68.6786,2.0373,2.5296,67.7129,67.59,68.648,1.058,67.24,72.202,2.9664,73.158,1.7222,2.1384,73.18,72.48,74.63,2.15,70.64,74.86,2.3541,501.594,29.6469,36.8109,506.925,473.99,514.86,40.87,470.68,541.515,5.9105,243.4045,1.1403,1.4158,242.9799,242.5941,243.6462,1.0521,242.5207,245.2817,0.4685,9.8843,0.0297,0.0369,9.8683,9.8664,9.8953,0.0289,9.8599,9.9316,0.3004,1.0,0.0,0.0,1.0,1.0,1.0,0.0,1.0,1.0,0.0,36.8,1.3038,1.6189,37.0,36.0,38.0,2.0,35.0,38.0,3.543,42.6,1.3416,1.6658,42.0,42.0,44.0,2.0,41.0,44.0,3.1494,0.0,0.0,0.0,0.0,0.0,0.0,0.0,0.0,0.0,,10.0,0.0,0.0,10.0,10.0,10.0,0.0,10.0,10.0,0.0,10.0,0.0,0.0,10.0,10.0,10.0,0.0,10.0,10.0,0.0,0.0,0.0,0.0,0.0,0.0,0.0,0.0,0.0,0.0,,30.0006,0.0005,0.0007,30.001,30.0,30.001,0.001,30.0,30.001,0.0018,0.0293,0.0104,0.0129,0.0244,0.0243,0.0267,0.0024,0.0234,0.0477,35.3286,0.001,0.0003,0.0004,0.0008,0.0008,0.0009,0.0001,0.0008,0.0016,35.3132,2.754,0.0427,0.0531,2.741,2.7362,2.7899,0.0537,2.6989,2.8039,1.5517,46.148,1.5545,1,46.148,1.5545,1
st-gleam-pure-1-15-2,static,80000,100,reuse,500,5,8.0,0.0,0.0,8.0,8.0,8.0,0.0,8.0,8.0,0.0,80000.0,0.0,0.0,80000.0,80000.0,80000.0,0.0,80000.0,80000.0,0.0,0.0,0.0,0.0,0.0,0.0,0.0,0.0,0.0,0.0,,97.9958,0.3625,0.4501,98.1316,97.8097,98.2455,0.4357,97.4544,98.338,0.3699,816.3702,3.0262,3.7575,815.2319,814.2868,817.9144,3.6276,813.5211,820.8971,0.3707,189.8273,21.382,26.5488,203.6545,174.0831,204.273,30.1898,160.0839,207.0418,11.2639,1.9365,0.2116,0.2628,2.0753,1.7798,2.0773,0.2974,1.6427,2.1074,10.9296,149.0,0.7071,0.878,149.0,149.0,149.0,0.0,148.0,150.0,0.4746,72.6571,8.214,10.1988,77.141,67.3814,78.4831,11.1016,60.7771,79.5029,11.3051,89.146,4.7859,5.9424,87.0,86.89,87.33,0.44,86.81,97.7,5.3686,1780.099,201.2425,249.8715,1889.955,1650.845,1922.835,271.99,1489.04,1947.82,11.3051,68.3939,1.6523,2.0516,68.5402,67.9459,68.76,0.8141,66.0637,70.6598,2.4159,69.958,2.0314,2.5223,69.55,69.46,71.69,2.23,67.02,72.07,2.9038,1675.651,40.4813,50.2634,1679.235,1664.675,1684.62,19.945,1618.56,1731.165,2.4159,982.9323,7.7129,9.5766,987.2219,975.53,988.4461,12.916,973.6238,989.8395,0.7847,10.0302,0.0468,0.0581,10.0485,9.9906,10.0515,0.061,9.9738,10.0869,0.4665,1.0,0.0,0.0,1.0,1.0,1.0,0.0,1.0,1.0,0.0,36.4,0.8944,1.1106,37.0,36.0,37.0,1.0,35.0,37.0,2.4572,45.0,0.7071,0.878,45.0,45.0,45.0,0.0,44.0,46.0,1.5713,0.0,0.0,0.0,0.0,0.0,0.0,0.0,0.0,0.0,,10.0,0.0,0.0,10.0,10.0,10.0,0.0,10.0,10.0,0.0,10.0,0.0,0.0,10.0,10.0,10.0,0.0,10.0,10.0,0.0,0.0,0.0,0.0,0.0,0.0,0.0,0.0,0.0,0.0,,30.0004,0.0005,0.0007,30.0,30.0,30.001,0.001,30.0,30.001,0.0018,0.0312,0.0088,0.011,0.0282,0.0265,0.0311,0.0045,0.0239,0.0463,28.3182,0.001,0.0003,0.0004,0.0009,0.0009,0.001,0.0001,0.0008,0.0015,28.3062,2.7562,0.0165,0.0205,2.7511,2.746,2.7621,0.0161,2.7398,2.782,0.6004,189.8273,26.5488,0,204.9897,4.481,2
